% t,y_raw
0,0.5
0.01,0.498956932197
0.02,0.495834307307
0.03,0.490651780056
0.04,0.483441829819
0.05,0.474249355901
0.06,0.463131132352
0.07,0.450155098639
0.08,0.435399604297
0.09,0.41895244657
0.1,0.400909982271
0.11,0.381376020444
0.12,0.360460843455
0.13,0.338280087077
0.14,0.314953720937
0.15,0.290604994698
0.16,0.265359462365
0.17,0.239344028981
0.18,0.212686088425
0.19,0.185512692643
0.2,0.157949840913
0.21,0.130121785424
0.22,0.102150481467
0.23,0.0741550358598
0.24,0.0462513051226
0.25,0.0185514884533
0.26,-0.00883615496658
0.27,-0.0358075712347
0.28,-0.0622631057652
0.29,-0.0881076493704
0.3,-0.113250747446
0.31,-0.13760667776
0.32,-0.161094472928
0.33,-0.183637958163
0.34,-0.205165710435
0.35,-0.225611068694
0.36,-0.244912051983
0.37,-0.26301134921
0.38,-0.279856220393
0.39,-0.295398469566
0.4,-0.309594346052
0.41,-0.322404506473
0.42,-0.333793926634
0.43,-0.343731858217
0.44,-0.35219175912
0.45,-0.359151248651
0.46,-0.364592061431
0.47,-0.368500005995
0.48,-0.37086494053
0.49,-0.371680745568
0.5,-0.37094550016
0.51,-0.368663666755
0.52,-0.364848369259
0.53,-0.359521482128
0.54,-0.352713403299
0.55,-0.344462746254
0.56,-0.33481593781
0.57,-0.323826780539
0.58,-0.311555897795
0.59,-0.298070210746
0.6,-0.283442266265
0.61,-0.267749669635
0.62,-0.251074352557
0.63,-0.233501980701
0.64,-0.215121227718
0.65,-0.196023179358
0.66,-0.176300652747
0.67,-0.15604763323
0.68,-0.135358656536
0.69,-0.114328308182
0.7,-0.0930506806876
0.71,-0.0716189491628
0.72,-0.0501249148632
0.73,-0.0286586547083
0.74,-0.00730816252756
0.75,0.0138409412309
0.76,0.0347056698333
0.77,0.0552058992753
0.78,0.0752645576373
0.79,0.0948077830055
0.8,0.113765059824
0.81,0.132069325714
0.82,0.149657047945
0.83,0.166468304528
0.84,0.182446806978
0.85,0.197539962503
0.86,0.211698863319
0.87,0.224878325179
0.88,0.237036863944
0.89,0.248136712922
0.9,0.258143793978
0.91,0.267027723089
0.92,0.274761778649
0.93,0.281322902544
0.94,0.286691670114
0.95,0.290852288604
0.96,0.293792575937
0.97,0.29550395535
0.98,0.295981447098
0.99,0.295223863879
1,0.293235404677
1.01,0.290026865058
1.02,0.28561561769
1.03,0.280025456052
1.04,0.273286375609
1.05,0.265434311225
1.06,0.256510820666
1.07,0.24656272518
1.08,0.235641725802
1.09,0.223803968959
1.1,0.211109614279
1.11,0.197622367611
1.12,0.183409007273
1.13,0.168538924464
1.14,0.153083630244
1.15,0.137116316906
1.16,0.120711381525
1.17,0.103944012195
1.18,0.0868897562924
1.19,0.0696241354891
1.2,0.0522222761006
1.21,0.0347585580266
1.22,0.0173063109639
1.23,-6.24913854041e-05
1.24,-0.0172774812434
1.25,-0.0342701420228
1.26,-0.050974017559
1.27,-0.0673249007631
1.28,-0.0832609951728
1.29,-0.0987230640949
1.3,-0.113654549305
1.31,-0.128001676345
1.32,-0.141713550482
1.33,-0.154742217429
1.34,-0.167042742292
1.35,-0.178573239693
1.36,-0.189294931525
1.37,-0.199172162379
1.38,-0.208172435547
1.39,-0.216266420434
1.4,-0.223427974414
1.41,-0.229634142426
1.42,-0.234865172268
1.43,-0.239104508037
1.44,-0.24233880168
1.45,-0.244557905447
1.46,-0.245754877931
1.47,-0.245925982006
1.48,-0.245070964729
1.49,-0.243194309795
1.5,-0.240305804496
1.51,-0.236420476067
1.52,-0.23155846746
1.53,-0.225744874322
1.54,-0.219009535891
1.55,-0.211386807809
1.56,-0.202915277649
1.57,-0.193637489728
1.58,-0.183599600097
1.59,-0.172851074282
1.6,-0.16144429502
1.61,-0.149434249911
1.62,-0.136878120726
1.63,-0.123834962583
1.64,-0.110365302603
1.65,-0.0965308207803
1.66,-0.0823939713752
1.67,-0.0680176800625
1.68,-0.05346499624
1.69,-0.0387988153329
1.7,-0.0240815717178
1.71,-0.00937498613413
1.72,0.00526019013039
1.73,0.0197644050509
1.74,0.0340795128056
1.75,0.0481489675011
1.76,0.0619179972164
1.77,0.0753337600383
1.78,0.0883454788411
1.79,0.100904574992
1.8,0.112964762758
1.81,0.124482160666
1.82,0.13541535793
1.83,0.145725502542
1.84,0.155376344084
1.85,0.164334306716
1.86,0.172568509903
1.87,0.180050827928
1.88,0.186755899039
1.89,0.192661168665
1.9,0.197746894527
1.91,0.201996174101
1.92,0.205394949794
1.93,0.207932022486
1.94,0.209599058349
1.95,0.210390592108
1.96,0.210304041457
1.97,0.209340094489
1.98,0.207503639969
1.99,0.204803975349
2,0.201254736175
2.01,0.196873791468
2.02,0.191683109979
2.03,0.185708589827
2.04,0.178979875547
2.05,0.171530129865
2.06,0.163395812584
2.07,0.154616405555
2.08,0.145234168978
2.09,0.135293828349
2.1,0.124842322333
2.11,0.113928470611
2.12,0.102602715957
2.13,0.0909167945613
2.14,0.0789234775697
2.15,0.06667625665
2.16,0.0542290943794
2.17,0.0416361329751
2.18,0.0289514596271
2.19,0.0162288476402
2.2,0.00352153637887
2.21,-0.00911798846757
2.22,-0.0216381950342
2.23,-0.0339886922442
2.24,-0.0461204021662
2.25,-0.0579857163237
2.26,-0.0695386425065
2.27,-0.0807349341724
2.28,-0.0915322046852
2.29,-0.101890042669
2.3,-0.111770091044
2.31,-0.121136150326
2.32,-0.129954229206
2.33,-0.138192635042
2.34,-0.145822003737
2.35,-0.152815374076
2.36,-0.159148206785
2.37,-0.164798440452
2.38,-0.169746504727
2.39,-0.173975360639
2.4,-0.177470508813
2.41,-0.180220017198
2.42,-0.18221452628
2.43,-0.183447264718
2.44,-0.183914054632
2.45,-0.183613343937
2.46,-0.182546701066
2.47,-0.180719412736
2.48,-0.178140520388
2.49,-0.174822756327
2.5,-0.170782450288
2.51,-0.166039414168
2.52,-0.160616801822
2.53,-0.154540944624
2.54,-0.147841177323
2.55,-0.140549628908
2.56,-0.13270102553
2.57,-0.124332447106
2.58,-0.115483113025
2.59,-0.106194122866
2.6,-0.0965082248678
2.61,-0.0864695589726
2.62,-0.076123414594
2.63,-0.0655159815346
2.64,-0.0546941124576
2.65,-0.0437050815556
2.66,-0.0325963644127
2.67,-0.0214154071733
2.68,-0.0102094280836
2.69,0.000974793910266
2.7,0.0120911009776
2.71,0.0230941375881
2.72,0.0339395164212
2.73,0.0445839737033
2.74,0.0549855133798
2.75,0.0651035355164
2.76,0.0748989639627
2.77,0.084334349349
2.78,0.0933739745298
2.79,0.101983943241
2.8,0.110132259636
2.81,0.117788904717
2.82,0.124925896626
2.83,0.131517350606
2.84,0.137539528738
2.85,0.142970881608
2.86,0.147792089458
2.87,0.151986091476
2.88,0.155538115419
2.89,0.158435700067
2.9,0.160668712671
2.91,0.162229366504
2.92,0.163112228423
2.93,0.163314229851
2.94,0.162834751678
2.95,0.161676145511
2.96,0.15984404939
2.97,0.157347365205
2.98,0.154198197362
2.99,0.150411768512
3,0.146006318835
3.01,0.141002978645
3.02,0.135425634144
3.03,0.129300763623
3.04,0.122657275955
3.05,0.115526317018
3.06,0.107941091147
3.07,0.0999366420639
3.08,0.0915496681895
3.09,0.082818286869
3.1,0.0737818472694
3.11,0.0644806915856
3.12,0.0549559669287
3.13,0.045249394483
3.14,0.0354030836002
3.15,0.0254593173085
3.16,0.0154603699909
3.17,0.00544831741229
3.18,-0.00453514102479
3.19,-0.0144488469165
3.2,-0.0242523454701
3.21,-0.033906033802
3.22,-0.0433713014933
3.23,-0.0526106594442
3.24,-0.0615878654333
3.25,-0.0702680302803
3.26,-0.0786177242431
3.27,-0.0866050711018
3.28,-0.0941998291712
3.29,-0.101373476622
3.3,-0.108099270918
3.31,-0.114352322372
3.32,-0.120109640189
3.33,-0.125350188894
3.34,-0.130054927234
3.35,-0.134206848742
3.36,-0.137791012333
3.37,-0.140794572295
3.38,-0.143206798571
3.39,-0.145019099348
3.4,-0.146225031763
3.41,-0.146820316651
3.42,-0.146802845247
3.43,-0.146172847455
3.44,-0.144933348588
3.45,-0.143090291735
3.46,-0.140652499896
3.47,-0.137631618151
3.48,-0.134042035409
3.49,-0.129900793424
3.5,-0.125227472893
3.51,-0.120044073238
3.52,-0.11437486962
3.53,-0.108246267628
3.54,-0.101686637431
3.55,-0.0947261522299
3.56,-0.0873966012527
3.57,-0.0797312238141
3.58,-0.0717645059672
3.59,-0.0635320138394
3.6,-0.0550701861458
3.61,-0.0464161666948
3.62,-0.0376076033068
3.63,-0.0286824805947
3.64,-0.0196789340006
3.65,-0.0106350829882
3.66,-0.00158886640331
3.67,0.00742211976764
3.68,0.0163607690817
3.69,0.0251906107368
3.7,0.0338759445034
3.71,0.0423819691603
3.72,0.0506748991304
3.73,0.058722079852
3.74,0.0664920878239
3.75,0.0739548258863
3.76,0.0810816151833
3.77,0.0878452670805
3.78,0.094220167628
3.79,0.100182330212
3.8,0.105709469558
3.81,0.110781041938
3.82,0.115378303582
3.83,0.119484344401
3.84,0.123084130984
3.85,0.126164533199
3.86,0.128714355964
3.87,0.13072435699
3.88,0.132187269801
3.89,0.133097813369
3.9,0.133452705825
3.91,0.133250682466
3.92,0.132492746776
3.93,0.131182491897
3.94,0.129326123469
3.95,0.126932418804
3.96,0.124012672076
3.97,0.120580620733
3.98,0.116652361708
3.99,0.112246248225
4,0.107382779792
4.01,0.102084475557
4.02,0.0963757412457
4.03,0.0902827244568
4.04,0.0838331665263
4.05,0.0770562400241
4.06,0.0699823971553
4.07,0.062643192022
4.08,0.0550711294461
4.09,0.0472994824683
4.1,0.0393621404454
4.11,0.0312934323149
4.12,0.0231279734381
4.13,0.014900502801
4.14,0.00664572930563
4.15,-0.00160181366848
4.16,-0.0098079160349
4.17,-0.0179388242259
4.18,-0.0259613730407
4.19,-0.0338431088491
4.2,-0.0415524079549
4.21,-0.0490585828733
4.22,-0.0563319879789
4.23,-0.0633441144885
4.24,-0.070067675593
4.25,-0.0764766955718
4.26,-0.0825465740813
4.27,-0.0882541681755
4.28,-0.0935778394921
4.29,-0.0984975267301
4.3,-0.102994781285
4.31,-0.107052825388
4.32,-0.110656581752
4.33,-0.113792716948
4.34,-0.116449664717
4.35,-0.118617657851
4.36,-0.12028874383
4.37,-0.121456806982
4.38,-0.122117577273
4.39,-0.122268642282
4.4,-0.1219094972
4.41,-0.1210418372
4.42,-0.119669733501
4.43,-0.117799616983
4.44,-0.115440238156
4.45,-0.112602612432
4.46,-0.109299954044
4.47,-0.105547592542
4.48,-0.101362884382
4.49,-0.0967651043349
4.5,-0.0917753381036
4.51,-0.0864163527873
4.52,-0.0807124759821
4.53,-0.074689447933
4.54,-0.0683742943738
4.55,-0.0617951639876
4.56,-0.054981198406
4.57,-0.0479623637115
4.58,-0.0407693174896
4.59,-0.0334332424704
4.6,-0.0259857120279
4.61,-0.0184585322176
4.62,-0.0108836064649
4.63,-0.00329279219704
4.64,0.00428223460547
4.65,0.0118101071605
4.66,0.0192598950995
4.67,0.026601223173
4.68,0.0338043843883
4.69,0.0408404462847
4.7,0.0476813555162
4.71,0.0543000277116
4.72,0.0606704399604
4.73,0.0667677119506
4.74,0.0725681800983
4.75,0.0780494726388
4.76,0.0831905670159
4.77,0.0879718563754
4.78,0.0923751954037
4.79,0.0963839538587
4.8,0.0999830557306
4.81,0.103159018815
4.82,0.105899986935
4.83,0.108195759248
4.84,0.110037813018
4.85,0.11141932547
4.86,0.112335186849
4.87,0.112782014731
4.88,0.112758161184
4.89,0.112263818682
4.9,0.111301288755
4.91,0.109875047794
4.92,0.107991720621
4.93,0.105660040728
4.94,0.102890796609
4.95,0.0996967691437
4.96,0.0960926530961
4.97,0.0920949740096
4.98,0.0877219890296
4.99,0.0829935854053
5,0.0779311649201
5.01,0.0725575289292
5.02,0.0668967476559
5.03,0.0609740398709
5.04,0.0548156283442
5.05,0.0484486184375
5.06,0.0419008469687
5.07,0.0352007589176
5.08,0.0283772582118
5.09,0.0214595821597
5.1,0.0144771610592
5.11,0.00745949022417
5.12,0.000436003042071
5.13,-0.00656405591722
5.14,-0.0135117470065
5.15,-0.0203785520422
5.16,-0.0271364838204
5.17,-0.0337581912364
5.18,-0.0402170561728
5.19,-0.0464872903663
5.2,-0.0525440207706
5.21,-0.0583633717736
5.22,-0.0639225453758
5.23,-0.069199885525
5.24,-0.0741749530447
5.25,-0.0788285747196
5.26,-0.0831429103673
5.27,-0.087101491001
5.28,-0.0906892740588
5.29,-0.0938926752806
5.3,-0.096699610475
5.31,-0.0990995215402
5.32,-0.101083407324
5.33,-0.102643841922
5.34,-0.103774996764
5.35,-0.104472651136
5.36,-0.104734205222
5.37,-0.104558695072
5.38,-0.103946955686
5.39,-0.102901812477
5.4,-0.101428088737
5.41,-0.099532576621
5.42,-0.0972239972578
5.43,-0.0945129497659
5.44,-0.091411848029
5.45,-0.0879348516795
5.46,-0.0840977804309
5.47,-0.0799180306313
5.48,-0.0754144699257
5.49,-0.0706073431137
5.5,-0.0655181498153
5.51,-0.0601695440631
5.52,-0.0545851988978
5.53,-0.0487897011445
5.54,-0.042808411013
5.55,-0.0366673513476
5.56,-0.0303930680691
5.57,-0.0240125169297
5.58,-0.0175529275341
5.59,-0.0110416905507
5.6,-0.0045062293288
5.61,0.0020261125425
5.62,0.00852818713126
5.63,0.0149731528896
5.64,0.0213345797428
5.65,0.0275865505319
5.66,0.0337037584114
5.67,0.0396615995457
5.68,0.0454362565718
5.69,0.0510047862837
5.7,0.0563451890615
5.71,0.0614364875642
5.72,0.0662587867633
5.73,0.0707933409065
5.74,0.075022604436
5.75,0.0789302897036
5.76,0.0825014061934
5.77,0.0857223114646
5.78,0.0885807392477
5.79,0.0910658415575
5.8,0.0931682098166
5.81,0.0948799054784
5.82,0.0961944764109
5.83,0.0971069756712
5.84,0.097613973363
5.85,0.0977135648791
5.86,0.0974054116662
5.87,0.0966909325103
5.88,0.0955734053142
5.89,0.0940579524494
5.9,0.0921515107042
5.91,0.0898627912026
5.92,0.08720223001
5.93,0.0841819265998
5.94,0.0808155785833
5.95,0.0771184003271
5.96,0.0731070443997
5.97,0.0687995030515
5.98,0.0642150199958
5.99,0.0593739767459
6,0.0542977990478
6.01,0.0490088313604
6.02,0.0435302394778
6.03,0.037885880079
6.04,0.0321001989464
6.05,0.026198101184
6.06,0.0202048469483
6.07,0.0141459257151
6.08,0.00804695123277
6.09,0.00193354432834
6.1,-0.00416877344705
6.11,-0.010234685316
6.12,-0.0162391824665
6.13,-0.0221576622505
6.14,-0.0279660217876
6.15,-0.0336407480358
6.16,-0.0391590055364
6.17,-0.0444987128606
6.18,-0.0496386245029
6.19,-0.0545583971015
6.2,-0.0592386603603
6.21,-0.0636610765933
6.22,-0.0678083995541
6.23,-0.071664526073
6.24,-0.0752145461739
6.25,-0.0784447835046
6.26,-0.0813428394638
6.27,-0.083897622594
6.28,-0.0860993849624
6.29,-0.0879397441983
6.3,-0.0894117095101
6.31,-0.0905096985094
6.32,-0.0912295524818
6.33,-0.0915685478686
6.34,-0.0915254042139
6.35,-0.0911003638862
6.36,-0.0902953668861
6.37,-0.0891140845442
6.38,-0.0875618987143
6.39,-0.0856458714773
6.4,-0.0833747044032
6.41,-0.0807586900168
6.42,-0.0778096543582
6.43,-0.0745408897428
6.44,-0.070967084889
6.45,-0.0671042399216
6.46,-0.0629695872635
6.47,-0.0585814916079
6.48,-0.0539593637126
6.49,-0.0491235502081
6.5,-0.0440952396445
6.51,-0.038896349795
6.52,-0.0335494257737
6.53,-0.0280775276793
6.54,-0.0225041261775
6.55,-0.0168529898313
6.56,-0.0111480833927
6.57,-0.00541345610264
6.58,0.000326856229999
6.59,0.00604893661321
6.6,0.011729083423
6.61,0.0173439055474
6.62,0.0228704142377
6.63,0.028286112136
6.64,0.0335690753569
6.65,0.0386980341982
6.66,0.0436524506387
6.67,0.0484125847889
6.68,0.052959569194
6.69,0.0572754621888
6.7,0.0613433165832
6.71,0.0651472217348
6.72,0.0686723656813
6.73,0.0719050668244
6.74,0.0748328283921
6.75,0.0774443624128
6.76,0.079729633481
6.77,0.0816798780063
6.78,0.0832876365782
6.79,0.0845467684562
6.8,0.0854524733194
6.81,0.08600130097
6.82,0.0861911627991
6.83,0.0860213459849
6.84,0.0854926344548
6.85,0.0846074282818
6.86,0.0833697432485
6.87,0.0817851878463
6.88,0.079860932069
6.89,0.0776056677041
6.9,0.0750295590193
6.91,0.0721441891094
6.92,0.0689624931668
6.93,0.0654986933492
6.94,0.0617682166622
6.95,0.0577876210102
6.96,0.0535744994815
6.97,0.04914740115
6.98,0.0445257239836
6.99,0.0397296318736
7,0.0347799422594
7.01,0.0296980382892
7.02,0.0245057561534
7.03,0.0192252941697
7.04,0.0138791022715
7.05,0.00848979008337
7.06,0.00308002192733
7.07,-0.00232757628176
7.08,-0.00771051271958
7.09,-0.0130465221799
7.1,-0.018313654369
7.11,-0.0234903593421
7.12,-0.0285555705358
7.13,-0.0334887837382
7.14,-0.0382701292346
7.15,-0.0428804475952
7.16,-0.0473013501439
7.17,-0.0515152883813
7.18,-0.055505606269
7.19,-0.0592566006595
7.2,-0.062753565754
7.21,-0.0659828459157
7.22,-0.0689318702654
7.23,-0.0715891996018
7.24,-0.073944551473
7.25,-0.0759888391194
7.26,-0.077714190518
7.27,-0.0791139769073
7.28,-0.0801828274642
7.29,-0.0809166470553
7.3,-0.0813126265847
7.31,-0.0813692511156
7.32,-0.0810863348399
7.33,-0.0804651587341
7.34,-0.0795085294777
7.35,-0.0782207659257
7.36,-0.0766076754232
7.37,-0.0746765211696
7.38,-0.0724359833652
7.39,-0.0698961105678
7.4,-0.0670682665773
7.41,-0.0639650686099
7.42,-0.0606003201881
7.43,-0.056988939382
7.44,-0.0531468797188
7.45,-0.0490910497033
7.46,-0.0448392266977
7.47,-0.0404099664268
7.48,-0.035822515827
7.49,-0.0310967140375
7.5,-0.0262529044794
7.51,-0.0213118337198
7.52,-0.0162945609435
7.53,-0.011222360488
7.54,-0.00611662816646
7.55,-0.000998790552595
7.56,0.00410978893716
7.57,0.00918789591896
7.58,0.0142145524797
7.59,0.0191691009649
7.6,0.0240312840064
7.61,0.0287813207092
7.62,0.033399982989
7.63,0.0378686628914
7.64,0.0421694405891
7.65,0.0462851480445
7.66,0.0501994244741
7.67,0.0538967769032
7.68,0.0573626241962
7.69,0.0605833523269
7.7,0.0635463495171
7.71,0.066240053259
7.72,0.0686539799622
7.73,0.0707787610598
7.74,0.0726061681952
7.75,0.0741291399137
7.76,0.0753418002768
7.77,0.0762394781765
7.78,0.076818718562
7.79,0.0770772944329
7.8,0.0770142136359
7.81,0.0766297857782
7.82,0.0759257414097
7.83,0.0749052481342
7.84,0.073572893078
7.85,0.0719346581866
7.86,0.069997887357
7.87,0.0677712467704
7.88,0.0652646790854
7.89,0.0624893484083
7.9,0.0594575846173
7.91,0.0561828139089
7.92,0.0526794955144
7.93,0.0489630396597
7.94,0.0450497389428
7.95,0.0409566764368
7.96,0.0367016518281
7.97,0.0323030858335
7.98,0.0277799399063
7.99,0.0231516203921
8,0.0184378950007
8.01,0.0136587969292
8.02,0.00883454171824
8.03,0.00398543284352
8.04,-0.000868220461583
8.05,-0.00570619171033
8.06,-0.0105084198465
8.07,-0.0152550897269
8.08,-0.0199267109914
8.09,-0.0245041946853
8.1,-0.0289689241343
8.11,-0.0333028251392
8.12,-0.0374884335131
8.13,-0.0415089535323
8.14,-0.0453483231797
8.15,-0.0489912616695
8.16,-0.0524233301678
8.17,-0.0556309698032
8.18,-0.0586015568512
8.19,-0.0613234318327
8.2,-0.0637859481119
8.21,-0.0659794942143
8.22,-0.0678955329797
8.23,-0.0695266196531
8.24,-0.070866430864
8.25,-0.0719097782457
8.26,-0.0726526279497
8.27,-0.0730921095789
8.28,-0.0732265264802
8.29,-0.0730553697131
8.3,-0.0725794134529
8.31,-0.0718007920268
8.32,-0.0707229948841
8.33,-0.0693508476055
8.34,-0.0676904858031
8.35,-0.0657493228269
8.36,-0.0635360089045
8.37,-0.0610603872361
8.38,-0.058333439688
8.39,-0.0553672324849
8.4,-0.0521748503493
8.41,-0.0487703336563
8.42,-0.0451686022417
8.43,-0.0413853876018
8.44,-0.0374371465573
8.45,-0.0333409912515
8.46,-0.0291145963795
8.47,-0.0247761262049
8.48,-0.0203441402132
8.49,-0.0158375170466
8.5,-0.0112753621677
8.51,-0.00667692901634
8.52,-0.00206153231073
8.53,0.00255153364751
8.54,0.00714307447944
8.55,0.0116940758257
8.56,0.016185779527
8.57,0.0205997569355
8.58,0.0249179808177
8.59,0.0291228947828
8.6,0.0331974757431
8.61,0.0371253005239
8.62,0.0408905999339
8.63,0.0444783186937
8.64,0.0478741641573
8.65,0.0510646574572
8.66,0.0540371764816
8.67,0.0567799999128
8.68,0.0592823418649
8.69,0.0615343911351
8.7,0.0635273365656
8.71,0.0652534002763
8.72,0.0667058566703
8.73,0.0678790569827
8.74,0.0687684437618
8.75,0.06937056604
8.76,0.0696830893294
8.77,0.0697048025732
8.78,0.0694356508143
8.79,0.0688768381686
8.8,0.0680308617981
8.81,0.0669014993384
8.82,0.065493788977
8.83,0.0638140021152
8.84,0.0618696108094
8.85,0.0596692478524
8.86,0.057222661658
8.87,0.0545406663859
8.88,0.0516350843002
8.89,0.0485186885096
8.9,0.0452051342635
8.91,0.0417088955742
8.92,0.0380451888766
8.93,0.0342299024927
8.94,0.0302795183581
8.95,0.0262110339506
8.96,0.0220418836256
8.97,0.0177898574996
8.98,0.0134730209614
8.99,0.00910963529886
9,0.00471807519647
9.01,0.000316752975718
9.02,-0.00407596260424
9.03,-0.00844182048324
9.04,-0.0127627622497
9.05,-0.0170209951595
9.06,-0.0211990617314
9.07,-0.025279906137
9.08,-0.0292469411554
9.09,-0.0330841075906
9.1,-0.0367759339788
9.11,-0.0403075933833
9.12,-0.0436649524043
9.13,-0.0468346254571
9.14,-0.0498040140341
9.15,-0.0525613564684
9.16,-0.0550957594173
9.17,-0.057397240554
9.18,-0.0594567551167
9.19,-0.0612662289014
9.2,-0.0628185809098
9.21,-0.0641077477308
9.22,-0.065128700368
9.23,-0.0658774617493
9.24,-0.066351116906
9.25,-0.0665478236523
9.26,-0.0664668194792
9.27,-0.0661084795424
9.28,-0.0654744007966
9.29,-0.0645674076316
9.3,-0.0633915367896
9.31,-0.0619520161988
9.32,-0.0602552374888
9.33,-0.0583087220151
9.34,-0.0561210829668
9.35,-0.0537019785512
9.36,-0.0510620656328
9.37,-0.0482129412083
9.38,-0.0451670892323
9.39,-0.041937811617
9.4,-0.0385391706577
9.41,-0.0349859107363
9.42,-0.0312933974842
9.43,-0.0274775345187
9.44,-0.0235546981477
9.45,-0.0195416529874
9.46,-0.0154554833334
9.47,-0.0113135092458
9.48,-0.00713321644951
9.49,-0.00293217496011
9.5,0.00127203236239
9.51,0.00546188524003
9.52,0.00961999878749
9.53,0.01372919295
9.54,0.0177725614399
9.55,0.0217335389441
9.56,0.025595963532
9.57,0.0293441381624
9.58,0.0329628909377
9.59,0.0364376265791
9.6,0.0397543846998
9.61,0.0428998823045
9.62,0.0458615679224
9.63,0.0486276561533
9.64,0.0511871768772
9.65,0.0535300019734
9.66,0.0556468889429
9.67,0.0575295013141
9.68,0.05917044407
9.69,0.0605632801195
9.7,0.0617025565342
9.71,0.0625838170048
9.72,0.0632036193324
9.73,0.0635595436422
9.74,0.0636502013891
9.75,0.0634752497213
9.76,0.0630354693438
9.77,0.062332814404
9.78,0.0613704053481
9.79,0.060152512552
9.8,0.0586845337804
9.81,0.0569729667175
9.82,0.0550253741738
9.83,0.0528503466196
9.84,0.0504574564979
9.85,0.0478572114178
9.86,0.0450609993852
9.87,0.0420810338766
9.88,0.0389302910827
9.89,0.0356224499763
9.9,0.0321718209685
9.91,0.0285932844247
9.92,0.024902212644
9.93,0.0211144064184
9.94,0.0172460148999
9.95,0.0133134693004
9.96,0.00933340445412
9.97,0.00532258918612
9.98,0.0012978527799
9.99,-0.00272398730158
10,-0.00672619392734
10.01,-0.0106921804266
10.02,-0.0146055776033
10.03,-0.0184502978504
10.04,-0.0222105986435
10.05,-0.0258711439606
10.06,-0.0294170595801
10.07,-0.0328339923572
10.08,-0.0361081584073
10.09,-0.0392263967401
10.1,-0.0421762128463
10.11,-0.0449458248077
10.12,-0.0475242018394
10.13,-0.049901104233
10.14,-0.0520671145154
10.15,-0.0540136731515
10.16,-0.0557331014481
10.17,-0.0572186317846
10.18,-0.0584644248259
10.19,-0.0594655918344
10.2,-0.0602182077341
10.21,-0.0607193248647
10.22,-0.060966981861
10.23,-0.060960210103
10.24,-0.0606990648717
10.25,-0.0601847041746
10.26,-0.0594194073702
10.27,-0.0584065635584
10.28,-0.0571506541984
10.29,-0.0556572294668
10.3,-0.0539328801551
10.31,-0.0519852035701
10.32,-0.0498227645246
10.33,-0.0474550530615
10.34,-0.044892434568
10.35,-0.0421461013432
10.36,-0.0392280130227
10.37,-0.036150843129
10.38,-0.0329279124008
10.39,-0.029573129624
10.4,-0.026100922613
10.41,-0.0225261726593
10.42,-0.0188641449231
10.43,-0.0151304198278
10.44,-0.0113408218903
10.45,-0.00751135193128
10.46,-0.00365811439757
10.47,0.00020274833329
10.48,0.00405512695288
10.49,0.00788301062566
10.5,0.0116705524485
10.51,0.015402134169
10.52,0.0190624275029
10.53,0.0226364530286
10.54,0.0261096398362
10.55,0.0294678780742
10.56,0.0326975729044
10.57,0.0357856945704
10.58,0.0387198232829
10.59,0.0414881971018
10.6,0.0440797483562
10.61,0.0464841474773
10.62,0.0486918327617
10.63,0.0506940476534
10.64,0.0524828663099
10.65,0.0540512221564
10.66,0.055392929711
10.67,0.0565027056782
10.68,0.0573761850504
10.69,0.0580099363127
10.7,0.0584014710407
10.71,0.0585492531704
10.72,0.0584527061721
10.73,0.0581122646903
10.74,0.0575294342511
10.75,0.0567067911118
10.76,0.0556479688582
10.77,0.0543576398121
10.78,0.0528414911503
10.79,0.0511061953186
10.8,0.0491593773407
10.81,0.0470095742767
10.82,0.0446661952152
10.83,0.0421394707612
10.84,0.0394404070692
10.85,0.0365807263193
10.86,0.033572816874
10.87,0.0304296655738
10.88,0.0271648051108
10.89,0.0237922416181
10.9,0.0203263982581
10.91,0.01678204149
10.92,0.0131742215421
10.93,0.00951819897632
10.94,0.00582938337112
10.95,0.00212326219009
10.96,-0.00158466238289
10.97,-0.00527893936262
10.98,-0.00894423365284
10.99,-0.0125653871875
11,-0.0161274801563
11.01,-0.0196158907964
11.02,-0.0230163507248
11.03,-0.02631500031
11.04,-0.0294984420517
11.05,-0.032553787255
11.06,-0.0354687080735
11.07,-0.0382314759573
11.08,-0.0408310105054
11.09,-0.0432569106318
11.1,-0.0454994992024
11.11,-0.0475498473435
11.12,-0.0493998137538
11.13,-0.051042063785
11.14,-0.0524701009904
11.15,-0.0536782827645
11.16,-0.0546618436195
11.17,-0.0554169068606
11.18,-0.0559405002112
11.19,-0.0562305631773
11.2,-0.0562859551502
11.21,-0.056106470286
11.22,-0.055692902064
11.23,-0.0550470751693
11.24,-0.0541718374668
11.25,-0.0530710455421
11.26,-0.0517495446871
11.27,-0.0502131448514
11.28,-0.0484685904124
11.29,-0.0465235270402
11.3,-0.0443864628727
11.31,-0.0420667262036
11.32,-0.0395744200784
11.33,-0.0369203716559
11.34,-0.0341160811217
11.35,-0.0311736653338
11.36,-0.0281058002051
11.37,-0.0249256625784
11.38,-0.0216468661466
11.39,-0.0182834024179
11.4,-0.0148495737493
11.41,-0.0113599320622
11.42,-0.00782921300987
11.43,-0.00427227175053
11.44,-0.000704020490469
11.45,0.00286063691296
11.46,0.00640686507654
11.47,0.00991995908655
11.48,0.0133854046719
11.49,0.0167889349578
11.5,0.0201165870672
11.51,0.023354757496
11.52,0.0264902514185
11.53,0.0295103357852
11.54,0.0324027834311
11.55,0.0351559203003
11.56,0.0377586663153
11.57,0.0402005754468
11.58,0.0424718724861
11.59,0.044563487382
11.6,0.0464670855335
11.61,0.0481750984089
11.62,0.0496807460212
11.63,0.0509780630992
11.64,0.0520619158458
11.65,0.0529280213132
11.66,0.0535729599698
11.67,0.0539941875362
11.68,0.0541900433311
11.69,0.0541597560179
11.7,0.0539034739994
11.71,0.0534223260662
11.72,0.0527184304573
11.73,0.0517948841234
11.74,0.0506557471928
11.75,0.0493060220555
11.76,0.0477516284672
11.77,0.0459993738331
11.78,0.0440569185337
11.79,0.041932739435
11.8,0.0396360855726
11.81,0.0371769364151
11.82,0.0345659489165
11.83,0.0318144116643
11.84,0.0289341851578
11.85,0.0259376515534
11.86,0.0228376521056
11.87,0.0196474316531
11.88,0.0163805752708
11.89,0.0130509497455
11.9,0.00967263907284
11.91,0.00625988586659
11.92,0.0028270261261
11.93,-0.000611568689463
11.94,-0.00404155454213
11.95,-0.00744867361321
11.96,-0.0108188121134
11.97,-0.0141380584226
11.98,-0.0173927579462
11.99,-0.0205695658585
12,-0.0236555008149
12.01,-0.0266379921751
12.02,-0.0295049287844
12.03,-0.0322447040655
12.04,-0.0348462568555
12.05,-0.0372991145582
12.06,-0.0395934265248
12.07,-0.0417200035257
12.08,-0.043670345284
12.09,-0.0454366739309
12.1,-0.0470119578189
12.11,-0.0483899370762
12.12,-0.0495651438975
12.13,-0.0505329214177
12.14,-0.0512894386005
12.15,-0.051831703809
12.16,-0.052157573585
12.17,-0.0522657608172
12.18,-0.052155842233
12.19,-0.0518283051046
12.2,-0.0512845890686
12.21,-0.0505270829126
12.22,-0.0495591124846
12.23,-0.0483849237945
12.24,-0.0470096621161
12.25,-0.04543934542
12.26,-0.0436808354837
12.27,-0.0417418026466
12.28,-0.039630689304
12.29,-0.0373566674332
12.3,-0.034929595163
12.31,-0.0323599680644
12.32,-0.029658870936
12.33,-0.0268379223784
12.34,-0.0239092247788
12.35,-0.0208853028433
12.36,-0.017779052152
12.37,-0.0146036749824
12.38,-0.0113726263957
12.39,-0.00809955079118
12.4,-0.00479822484664
12.41,-0.00148249746859
12.42,0.00183376987443
12.43,0.00513675959411
12.44,0.00841275654376
12.45,0.0116482036467
12.46,0.0148297556369
12.47,0.0179443331366
12.48,0.0209791735197
12.49,0.0239218790105
12.5,0.026760466782
12.51,0.0294834099993
12.52,0.0320796852446
12.53,0.0345388081853
12.54,0.036850876356
12.55,0.0390065998091
12.56,0.0409973392599
12.57,0.0428151305156
12.58,0.0444527188096
12.59,0.0459035768822
12.6,0.0471619337629
12.61,0.0482227887827
12.62,0.0490819329506
12.63,0.0497359596543
12.64,0.0501822783726
12.65,0.0504191219411
12.66,0.0504455531147
12.67,0.0502614805842
12.68,0.0498677127231
12.69,0.0492659770285
12.7,0.0484589120144
12.71,0.047450054088
12.72,0.0462438195269
12.73,0.0448454829846
12.74,0.0432611505704
12.75,0.0414977303546
12.76,0.0395628979792
12.77,0.0374650590451
12.78,0.0352133089919
12.79,0.0328173881005
12.8,0.0302876363689
12.81,0.0276349434097
12.82,0.0248706975155
12.83,0.0220067339161
12.84,0.0190552780449
12.85,0.0160288928716
12.86,0.0129404195242
12.87,0.00980292245583
12.88,0.00662963097133
12.89,0.00343388162923
12.9,0.000229062539573
12.91,-0.00297144526123
12.92,-0.00615432179471
12.93,-0.00930636374037
12.94,-0.012414538735
12.95,-0.0154660362898
12.96,-0.0184483192069
12.97,-0.0213491733101
12.98,-0.0241567522209
12.99,-0.0268596258259
13,-0.0294468194576
13.01,-0.0319078582391
13.02,-0.0342328024608
13.03,-0.0364122862822
13.04,-0.0384375488479
13.05,-0.0403004682694
13.06,-0.041993586644
13.07,-0.0435101404987
13.08,-0.0448440792782
13.09,-0.0459900908811
13.1,-0.0469436156814
13.11,-0.0477008652013
13.12,-0.0482588326829
13.13,-0.0486153044575
13.14,-0.0487688668992
13.15,-0.0487189122593
13.16,-0.0484656681326
13.17,-0.0480102439596
13.18,-0.0473546341893
13.19,-0.046501708258
13.2,-0.0454551963339
13.21,-0.0442196708896
13.22,-0.042800523561
13.23,-0.041203939529
13.24,-0.0394368655991
13.25,-0.0375069783692
13.26,-0.0354226443535
13.27,-0.0331928829017
13.28,-0.0308273190694
13.29,-0.0283361429315
13.3,-0.0257300556169
13.31,-0.0230202263362
13.32,-0.0202182335349
13.33,-0.0173360193137
13.34,-0.0143858285649
13.35,-0.0113801606044
13.36,-0.00833170830687
13.37,-0.00525330747927
13.38,-0.00215787795244
13.39,0.000941629481426
13.4,0.00403228775979
13.41,0.00710124838614
13.42,0.010135792622
13.43,0.0131233836569
13.44,0.0160517173819
13.45,0.0189087693787
13.46,0.0216828431463
13.47,0.024362614918
13.48,0.0269371752733
13.49,0.0293960731914
13.5,0.0317293504384
13.51,0.0339275835901
13.52,0.035981912027
13.53,0.037884076639
13.54,0.0396264420428
13.55,0.0412020306883
13.56,0.0426045408373
13.57,0.0438283737435
13.58,0.0448686487898
13.59,0.0457212235759
13.6,0.0463827052781
13.61,0.0468504645046
13.62,0.047122642293
13.63,0.0471981577753
13.64,0.0470767161815
13.65,0.0467588507737
13.66,0.0462459517812
13.67,0.0455402615222
13.68,0.0446448632337
13.69,0.0435636656955
13.7,0.0423013843025
13.71,0.0408635170902
13.72,0.0392563188687
13.73,0.0374867693848
13.74,0.0355625409814
13.75,0.0334919600109
13.76,0.031283968733
13.77,0.0289480807464
13.78,0.0264943390113
13.79,0.0239332649863
13.8,0.0212758150091
13.81,0.0185333242595
13.82,0.015717461365
13.83,0.0128401702245
13.84,0.00991362213937
13.85,0.00695015819094
13.86,0.00396223848984
13.87,0.000962387517418
13.88,-0.00203685929838
13.89,-0.00502300671316
13.9,-0.00798365274482
13.91,-0.0109065387865
13.92,-0.0137795984378
13.93,-0.016591006923
13.94,-0.0193292265326
13.95,-0.0219830513766
13.96,-0.0245416522412
13.97,-0.0269946143927
13.98,-0.0293319811063
13.99,-0.0315442854539
14,-0.0336225908391
14.01,-0.0355585172386
14.02,-0.0373442781569
14.03,-0.0389727012242
14.04,-0.0404372609421
14.05,-0.0417320946369
14.06,-0.0428520289742
14.07,-0.0437925928447
14.08,-0.0445500368596
14.09,-0.0451213429774
14.1,-0.0455042372321
14.11,-0.0456971958428
14.12,-0.0456994515402
14.13,-0.045511010033
14.14,-0.0451326946754
14.15,-0.0445661575088
14.16,-0.0438138712759
14.17,-0.0428791173516
14.18,-0.0417659693154
14.19,-0.0404792731816
14.2,-0.0390246237454
14.21,-0.0374083367316
14.22,-0.0356374195011
14.23,-0.0337195351787
14.24,-0.0316629689092
14.25,-0.0294765846816
14.26,-0.0271697881252
14.27,-0.02475247723
14.28,-0.022235001812
14.29,-0.0196281109077
14.3,-0.0169429081493
14.31,-0.0141907980276
14.32,-0.0113834382646
14.33,-0.00853268514389
14.34,-0.00565054504377
14.35,-0.00274911923998
14.36,0.000159444743557
14.37,0.00306300639655
14.38,0.00594948220682
14.39,0.00880689474354
14.4,0.011623422795
14.41,0.0143874478016
14.42,0.0170875999234
14.43,0.0197128042329
14.44,0.0222523212212
14.45,0.0246957905527
14.46,0.0270332684439
14.47,0.0292552659281
14.48,0.0313527841606
14.49,0.0333173466534
14.5,0.0351410313627
14.51,0.0368164981523
14.52,0.0383370155539
14.53,0.0396964851572
14.54,0.0408894616725
14.55,0.0419111738121
14.56,0.042757539186
14.57,0.0434251796961
14.58,0.0439114325171
14.59,0.0442143593215
14.6,0.044332753259
14.61,0.0442661442275
14.62,0.0440148277568
14.63,0.0435799000371
14.64,0.0429632575005
14.65,0.0421675874242
14.66,0.0411963547334
14.67,0.0400537852609
14.68,0.0387448445194
14.69,0.0372752145297
14.7,0.0356512649892
14.71,0.03388002422
14.72,0.0319691436162
14.73,0.0299268634726
14.74,0.0277619713503
14.75,0.0254837643099
14.76,0.0231020012814
14.77,0.0206268633572
14.78,0.0180689013354
14.79,0.0154389940629
14.8,0.0127482937697
14.81,0.0100081819688
14.82,0.0072302148411
14.83,0.00442607662065
14.84,0.00160752722289
14.85,-0.00121364714829
14.86,-0.00402568266428
14.87,-0.00681688823733
14.88,-0.00957569224631
14.89,-0.012290689629
14.9,-0.0149506886859
14.91,-0.0175447537671
14.92,-0.0200622492817
14.93,-0.0224928810563
14.94,-0.0248267340515
14.95,-0.0270543131113
14.96,-0.0291665742675
14.97,-0.0311549635073
14.98,-0.0330114423845
14.99,-0.0347285236968
15,-0.0362992918218
15.01,-0.0377174342119
15.02,-0.0389772577542
15.03,-0.0400737139512
15.04,-0.0410024126095
15.05,-0.041759640427
15.06,-0.0423423712379
15.07,-0.0427482786926
15.08,-0.0429757425571
15.09,-0.0430238555156
15.1,-0.0428924319948
15.11,-0.0425820454656
15.12,-0.0420940479093
15.13,-0.0414305640567
15.14,-0.0405944810879
15.15,-0.0395894342836
15.16,-0.0384197896946
15.17,-0.0370906225033
15.18,-0.0356076928112
15.19,-0.0339774179551
15.2,-0.032206841175
15.21,-0.0303035993493
15.22,-0.0282758850084
15.23,-0.026132410217
15.24,-0.0238823634683
15.25,-0.0215353693255
15.26,-0.0191014429825
15.27,-0.0165909451359
15.28,-0.0140145356734
15.29,-0.011383125585
15.3,-0.00870782909364
15.31,-0.00599991548437
15.32,-0.00327075917997
15.33,-0.000531792992347
15.34,0.00220554232862
15.35,0.00492984423767
15.36,0.00762979618165
15.37,0.0102942145557
15.38,0.0129120924531
15.39,0.0154726448775
15.4,0.0179653512595
15.41,0.0203799952591
15.42,0.0227067069281
15.43,0.0249359969713
15.44,0.0270587965625
15.45,0.0290664874196
15.46,0.0309509377168
15.47,0.0327045280394
15.48,0.034320183487
15.49,0.0357913943976
15.5,0.0371122452039
15.51,0.0382774298757
15.52,0.0392822759764
15.53,0.0401227566417
15.54,0.0407955082966
15.55,0.0412978397213
15.56,0.0416277432036
15.57,0.0417839005171
15.58,0.041765688269
15.59,0.0415731953593
15.6,0.0412072594447
15.61,0.0406694723636
15.62,0.0399621723907
15.63,0.0390884329356
15.64,0.0380520475389
15.65,0.0368575113628
15.66,0.0355100000173
15.67,0.0340153435791
15.68,0.0323800003815
15.69,0.030611023976
15.7,0.0287160326874
15.71,0.0267031701463
15.72,0.0245810717592
15.73,0.0223588193532
15.74,0.0200459053577
15.75,0.0176521833986
15.76,0.0151878297199
15.77,0.0126632921062
15.78,0.0100892486035
15.79,0.00747655600229
15.8,0.00483620681738
15.81,0.0021792784548
15.82,-0.000483111376329
15.83,-0.00313985258925
15.84,-0.00577988942696
15.85,-0.00839226461181
15.86,-0.0109661654177
15.87,-0.0134909666527
15.88,-0.0159562723564
15.89,-0.0183519585834
15.9,-0.0206682106385
15.91,-0.0228955629122
15.92,-0.0250249340639
15.93,-0.0270476612673
15.94,-0.028955533842
15.95,-0.030740821839
15.96,-0.0323963068161
15.97,-0.0339153059413
15.98,-0.0352916979516
15.99,-0.0365199443861
16,-0.0375951092368
16.01,-0.0385128771625
16.02,-0.0392695680222
16.03,-0.0398621502976
16.04,-0.0402882516569
16.05,-0.0405461669223
16.06,-0.0406348645757
16.07,-0.0405539920592
16.08,-0.0403039035935
16.09,-0.03988568604
16.1,-0.0393011563447
16.11,-0.0385528526623
16.12,-0.0376440220209
16.13,-0.0365786048751
16.14,-0.0353612155222
16.15,-0.0339971208367
16.16,-0.0324922139061
16.17,-0.0308529873718
16.18,-0.0290865011322
16.19,-0.0272003508668
16.2,-0.0252026304394
16.21,-0.0231018970179
16.22,-0.0209071280595
16.23,-0.0186276847502
16.24,-0.0162732644353
16.25,-0.0138538623736
16.26,-0.0113797220567
16.27,-0.00886129470223
16.28,-0.0063091896615
16.29,-0.00373413137391
16.3,-0.00114691196142
16.31,0.00144165448979
16.32,0.00402077613478
16.33,0.00657972978251
16.34,0.00910790366339
16.35,0.0115948407086
16.36,0.0140302816232
16.37,0.0164042039682
16.38,0.0187068630545
16.39,0.0209288294623
16.4,0.0230610244785
16.41,0.0250947570629
16.42,0.027021753261
16.43,0.0288341915724
16.44,0.0305247269911
16.45,0.0320865235361
16.46,0.0335132736339
16.47,0.0347992263775
16.48,0.035939203643
16.49,0.036928622265
16.5,0.0377635076055
16.51,0.0384405098547
16.52,0.0389569139988
16.53,0.0393106510135
16.54,0.0395003037715
16.55,0.0395251129107
16.56,0.0393849866872
16.57,0.0390805339208
16.58,0.038613076239
16.59,0.0379846419765
16.6,0.0371979563997
16.61,0.0362564287313
16.62,0.0351641353192
16.63,0.0339258007203
16.64,0.0325467743159
16.65,0.0310330057163
16.66,0.029391015816
16.67,0.0276278666831
16.68,0.0257511280272
16.69,0.0237688425578
16.7,0.0216894878489
16.71,0.0195219392703
16.72,0.0172754268367
16.73,0.014959497183
16.74,0.0125839669012
16.75,0.0101588828765
16.76,0.00769447491091
16.77,0.00520111355618
16.78,0.00268926433929
16.79,0.000169442965058
16.8,-0.00234782782157
16.81,-0.00485206395173
16.82,-0.00733286189898
16.83,-0.00977994171377
16.84,-0.01218318944
16.85,-0.0145326961092
16.86,-0.0168187984395
16.87,-0.0190321163052
16.88,-0.0211635883805
16.89,-0.0232045092502
16.9,-0.0251465592324
16.91,-0.0269818401075
16.92,-0.0287028997682
16.93,-0.0303027654084
16.94,-0.0317749633024
16.95,-0.0331135486379
16.96,-0.0343131213034
16.97,-0.0353688504461
16.98,-0.036276487684
16.99,-0.0370323856127
17,-0.0376335080898
17.01,-0.0380774432135
17.02,-0.0383624100492
17.03,-0.0384872662428
17.04,-0.0384515117902
17.05,-0.0382553076558
17.06,-0.0378995047989
17.07,-0.0373856459467
17.08,-0.0367159580959
17.09,-0.035893341877
17.1,-0.0349213575877
17.11,-0.0338042079572
17.12,-0.0325467186414
17.13,-0.0311543141968
17.14,-0.0296329940007
17.15,-0.0279893018441
17.16,-0.0262302979857
17.17,-0.0243635229062
17.18,-0.0223969665636
17.19,-0.0203390267513
17.2,-0.018198476284
17.21,-0.0159844176277
17.22,-0.01370624756
17.23,-0.0113736102294
17.24,-0.00899635931918
17.25,-0.00658451069798
17.26,-0.00414820286751
17.27,-0.00169765032985
17.28,0.000756897582886
17.29,0.00320520066138
17.3,0.00563707099121
17.31,0.00804241345807
17.32,0.0104112684941
17.33,0.0127338514141
17.34,0.0150005912176
17.35,0.0172021699998
17.36,0.019329557182
17.37,0.0213740469918
17.38,0.0233272899344
17.39,0.0251813259403
17.4,0.0269286138549
17.41,0.0285620597555
17.42,0.0300750434517
17.43,0.0314614430205
17.44,0.032715656533
17.45,0.0338326239476
17.46,0.0348078433228
17.47,0.0356373892551
17.48,0.0363179249963
17.49,0.0368467157923
17.5,0.0372216377862
17.51,0.0374411858058
17.52,0.0375044788763
17.53,0.0374112659783
17.54,0.037161952353
17.55,0.0367576182218
17.56,0.0362000147455
17.57,0.035491555796
17.58,0.0346353061888
17.59,0.0336349671884
17.6,0.0324948588836
17.61,0.0312198992363
17.62,0.0298155817438
17.63,0.0282879479943
17.64,0.0266435615418
17.65,0.0248894744373
17.66,0.0230331981182
17.67,0.0210826646012
17.68,0.0190461949027
17.69,0.0169324564687
17.7,0.0147504286819
17.71,0.0125093587263
17.72,0.010218724209
17.73,0.00788818823887
17.74,0.00552756058646
17.75,0.00314675229155
17.76,0.000755736130483
17.77,-0.00163549763412
17.78,-0.00401698210232
17.79,-0.00637881482491
17.8,-0.00871119978735
17.81,-0.0110044855227
17.82,-0.0132492052193
17.83,-0.0154361143624
17.84,-0.0175562260335
17.85,-0.0196008484025
17.86,-0.0215616154544
17.87,-0.0234305222565
17.88,-0.0251999524716
17.89,-0.0268627098876
17.9,-0.0284120427238
17.91,-0.0298416715789
17.92,-0.0311458092539
17.93,-0.0323191860723
17.94,-0.0333570645611
17.95,-0.0342552610355
17.96,-0.0350101568288
17.97,-0.0356187144251
17.98,-0.0360784859947
17.99,-0.0363876236768
18,-0.0365448853141
18.01,-0.0365496393112
18.02,-0.0364018755403
18.03,-0.0361022338324
18.04,-0.0356520110547
18.05,-0.0350531550252
18.06,-0.0343082553051
18.07,-0.0334205305946
18.08,-0.0323938137056
18.09,-0.0312325330932
18.1,-0.0299416919593
18.11,-0.0285268450167
18.12,-0.0269940715425
18.13,-0.0253499484961
18.14,-0.0236015179492
18.15,-0.0217562571257
18.16,-0.0198220414268
18.17,-0.0178071110651
18.18,-0.0157200320065
18.19,-0.0135696586813
18.2,-0.0113650940767
18.21,-0.00911564996001
18.22,-0.00683080561103
18.23,-0.00452016781049
18.24,-0.00219342796831
18.25,0.00013967704246
18.26,0.00246940800588
18.27,0.00478606240545
18.28,0.00708001510274
18.29,0.00934175841106
18.3,0.011561939125
18.31,0.0137313977292
18.32,0.0158412038277
18.33,0.0178826911707
18.34,0.0198474930683
18.35,0.0217275720388
18.36,0.0235152542652
18.37,0.0252032545796
18.38,0.0267847086782
18.39,0.0282531937097
18.4,0.0296027576866
18.41,0.0308279357503
18.42,0.0319237759009
18.43,0.0328858518969
18.44,0.0337102837392
18.45,0.0343937481003
18.46,0.034933493197
18.47,0.0353273463708
18.48,0.0355737235848
18.49,0.0356716339668
18.5,0.0356206849221
18.51,0.0354211001609
18.52,0.0350737428174
18.53,0.0345801148407
18.54,0.033942349599
18.55,0.033163201831
18.56,0.0322460346063
18.57,0.0311948030326
18.58,0.0300140362455
18.59,0.0287088149673
18.6,0.0272847491666
18.61,0.0257479499688
18.62,0.0241050036067
18.63,0.0223629381188
18.64,0.0205291946599
18.65,0.0186115892339
18.66,0.0166182822327
18.67,0.0145577364825
18.68,0.0124386847487
18.69,0.0102700860938
18.7,0.00806109113038
18.71,0.00582099810569
18.72,0.00355921623218
18.73,0.00128522289736
18.74,-0.000991475080595
18.75,-0.00326138146531
18.76,-0.00551505118638
18.77,-0.00774312754453
18.78,-0.00993638195775
18.79,-0.0120857505544
18.8,-0.0141823700557
18.81,-0.0162176144982
18.82,-0.0181831269511
18.83,-0.020070854469
18.84,-0.0218730771957
18.85,-0.0235824394184
18.86,-0.0251919767165
18.87,-0.0266951426547
18.88,-0.0280858330205
18.89,-0.0293584091209
18.9,-0.0305077174795
18.91,-0.0315291106313
18.92,-0.032418461806
18.93,-0.0331721822802
18.94,-0.0337872323905
18.95,-0.0342611339636
18.96,-0.0345919783832
18.97,-0.0347784337439
18.98,-0.0348197497517
18.99,-0.0347157641395
19,-0.0344669268013
19.01,-0.0340743130264
19.02,-0.0335396187023
19.03,-0.0328651524244
19.04,-0.0320538243191
19.05,-0.0311091325517
19.06,-0.03003514646
19.07,-0.0288364876247
19.08,-0.0275183082451
19.09,-0.0260862665473
19.1,-0.0245465015286
19.11,-0.0229056030015
19.12,-0.0211705832815
19.13,-0.0193488429576
19.14,-0.0174481392834
19.15,-0.0154765497564
19.16,-0.0134424366922
19.17,-0.0113544099465
19.18,-0.00922128885144
19.19,-0.00705206362726
19.2,-0.00485585692551
19.21,-0.00264188347395
19.22,-0.000419412570229
19.23,0.00180227311634
19.24,0.00401391448122
19.25,0.00620631549173
19.26,0.00837038101508
19.27,0.0104971527053
19.28,0.0125778468849
19.29,0.0146038879994
19.3,0.0165669434085
19.31,0.0184589565875
19.32,0.0202721767473
19.33,0.0219991915966
19.34,0.0236329520873
19.35,0.0251668034974
19.36,0.0265945057744
19.37,0.0279102620698
19.38,0.0291087350059
19.39,0.0301850716233
19.4,0.031134916604
19.41,0.0319544320394
19.42,0.0326403083806
19.43,0.0331897789075
19.44,0.0336006277356
19.45,0.0338711994445
19.46,0.0340004038325
19.47,0.0339877207573
19.48,0.0338332116498
19.49,0.0335375437026
19.5,0.0331019933779
19.51,0.0325284402652
19.52,0.0318193582017
19.53,0.0309778037133
19.54,0.0300074011968
19.55,0.0289123264876
19.56,0.0276972864223
19.57,0.0263674978546
19.58,0.0249286622834
19.59,0.0233869406292
19.6,0.0217489235535
19.61,0.0200216029154
19.62,0.0182123377472
19.63,0.0163288239582
19.64,0.0143790560799
19.65,0.012371295781
19.66,0.0103140311114
19.67,0.00821594319013
19.68,0.0060858650234
19.69,0.00393274592166
19.7,0.00176561174303
19.71,-0.000406473218292
19.72,-0.00257444342061
19.73,-0.00472927158689
19.74,-0.00686200417064
19.75,-0.00896379926338
19.76,-0.0110259623469
19.77,-0.0130399803144
19.78,-0.0149975571678
19.79,-0.0168906448239
19.8,-0.0187114763328
19.81,-0.020452595216
19.82,-0.0221068841675
19.83,-0.0236675932275
19.84,-0.0251283638678
19.85,-0.0264832549065
19.86,-0.0277267628592
19.87,-0.0288538439634
19.88,-0.0298599321398
19.89,-0.0307409557101
19.9,-0.0314933529175
19.91,-0.032114084274
19.92,-0.0326006440862
19.93,-0.0329510694164
19.94,-0.0331639469822
19.95,-0.0332384186795
19.96,-0.033174185685
19.97,-0.0329715270643
19.98,-0.0326313171779
19.99,-0.0321550234613
20,-0.0315446994462
20.01,-0.030802975022
20.02,-0.0299330442456
20.03,-0.028938649856
20.04,-0.0278240664097
20.05,-0.0265940794349
20.06,-0.0252539641582
20.07,-0.0238094599993
20.08,-0.0222667452279
20.09,-0.0206324073495
20.1,-0.0189134147477
20.11,-0.0171170827739
20.12,-0.0152510439192
20.13,-0.0133232099496
20.14,-0.0113417408377
20.15,-0.00931500481672
20.16,-0.00725154543445
20.17,-0.00516004151556
20.18,-0.00304927188613
20.19,-0.000928077051119
20.2,0.00119467853911
20.21,0.0033101423305
20.22,0.00540951230898
20.23,0.00748407152452
20.24,0.0095252246689
20.25,0.0115245330579
20.26,0.0134737472906
20.27,0.0153648419348
20.28,0.0171900452273
20.29,0.0189418710814
20.3,0.0206131473663
20.31,0.0221970434818
20.32,0.0236870973081
20.33,0.0250772384297
20.34,0.0263618125589
20.35,0.027535601409
20.36,0.0285938429514
20.37,0.0295322490038
20.38,0.0303470204845
20.39,0.0310348622034
20.4,0.0315929941647
20.41,0.0320191621684
20.42,0.0323116459162
20.43,0.0324692650197
20.44,0.0324913837383
20.45,0.0323779178409
20.46,0.032129356702
20.47,0.0317467719315
20.48,0.031231812275
20.49,0.0305866960223
20.5,0.0298142003663
20.51,0.0289176485264
20.52,0.02790089416
20.53,0.026768303039
20.54,0.0255247335009
20.55,0.0241755126111
20.56,0.0227264134593
20.57,0.021183626188
20.58,0.0195537327658
20.59,0.0178436735614
20.6,0.0160607198007
20.61,0.0142124372765
20.62,0.0123066559746
20.63,0.0103514326179
20.64,0.00835501780834
20.65,0.00632581772631
20.66,0.00427236021219
20.67,0.00220325576419
20.68,0.000127163318403
20.69,-0.0019472482454
20.7,-0.00401133509511
20.71,-0.00605651443355
20.72,-0.00807430070451
20.73,-0.0100563384823
20.74,-0.0119944380285
20.75,-0.0138806067978
20.76,-0.015707081445
20.77,-0.0174663594332
20.78,-0.0191512262163
20.79,-0.020754786248
20.8,-0.0222704858761
20.81,-0.0236921425493
20.82,-0.0250139637402
20.83,-0.0262305737067
20.84,-0.0273370285475
20.85,-0.0283288397039
20.86,-0.0292019859968
20.87,-0.0299529323734
20.88,-0.0305786397552
20.89,-0.0310765787226
20.9,-0.0314447367175
20.91,-0.0316816269622
20.92,-0.0317862927771
20.93,-0.0317583120511
20.94,-0.0315978094461
20.95,-0.0313054764706
20.96,-0.0308825723843
20.97,-0.0303309181834
20.98,-0.0296528880396
20.99,-0.0288513983212
21,-0.0279298935427
21.01,-0.0268923308691
21.02,-0.0257431609349
21.03,-0.0244873080628
21.04,-0.0231301466372
21.05,-0.0216774772654
21.06,-0.020135499315
21.07,-0.0185107838948
21.08,-0.0168102424314
21.09,-0.0150410980201
21.1,-0.0132108500399
21.11,-0.0113272444743
21.12,-0.00939823612713
21.13,-0.00743195726137
21.14,-0.00543667946497
21.15,-0.00342078005284
21.16,-0.00139270536904
21.17,0.000639065228243
21.18,0.00266605376826
21.19,0.00467982082524
21.2,0.00667199850279
21.21,0.00863432601172
21.22,0.0105586829833
21.23,0.012437121363
21.24,0.0142618988506
21.25,0.0160255075149
21.26,0.0177207053408
21.27,0.0193405429669
21.28,0.0208783914916
21.29,0.0223279677692
21.3,0.0236833581427
21.31,0.0249390413808
21.32,0.0260899091704
21.33,0.027131285149
21.34,0.0280589432004
21.35,0.0288691217151
21.36,0.0295585391414
21.37,0.0301244046009
21.38,0.0305644292286
21.39,0.0308768339372
21.4,0.0310603560845
21.41,0.031114254258
21.42,0.0310383126385
21.43,0.0308328592044
21.44,0.0304987785471
21.45,0.0300375085799
21.46,0.0294510339023
21.47,0.0287418763858
21.48,0.0279130834106
21.49,0.0269682138229
21.5,0.0259113208231
21.51,0.0247469341258
21.52,0.0234800376266
21.53,0.0221160483133
21.54,0.0206607891284
21.55,0.0191204653139
21.56,0.0175016328067
21.57,0.0158111727591
21.58,0.0140562562596
21.59,0.0122443169639
21.6,0.0103830139558
21.61,0.00848020208792
21.62,0.00654389416169
21.63,0.00458222957784
21.64,0.0026034364787
21.65,0.000615799184049
21.66,-0.00137237846576
21.67,-0.00335280725057
21.68,-0.00531724653
21.69,-0.00725753959953
21.7,-0.0091656451579
21.71,-0.0110336716279
21.72,-0.0128539078579
21.73,-0.0146188538447
21.74,-0.0163212516332
21.75,-0.0179541116195
21.76,-0.0195107427451
21.77,-0.0209847749567
21.78,-0.0223701875151
21.79,-0.0236613278503
21.8,-0.0248529375016
21.81,-0.0259401671403
21.82,-0.0269185997995
21.83,-0.027784262552
21.84,-0.0285336454933
21.85,-0.0291637112525
21.86,-0.0296719090149
21.87,-0.0300561816787
21.88,-0.0303149750918
21.89,-0.0304472425669
21.9,-0.030452449499
21.91,-0.0303305808893
21.92,-0.0300821612509
21.93,-0.0297082593406
21.94,-0.0292104832323
21.95,-0.0285909728658
21.96,-0.0278523899074
21.97,-0.0269979054203
21.98,-0.0260311852342
21.99,-0.0249563724413
22,-0.0237780691902
22.01,-0.0225013140536
22.02,-0.0211315608742
22.03,-0.0196746513915
22.04,-0.0181367917791
22.05,-0.0165245210314
22.06,-0.0148446855392
22.07,-0.0131044045699
22.08,-0.0113110424556
22.09,-0.00947217281114
22.1,-0.00759554845898
22.11,-0.00568906494803
22.12,-0.00376072924672
22.13,-0.00181862295092
22.14,0.000129129716352
22.15,0.0020743978161
22.16,0.00400907681464
22.17,0.00592512191839
22.18,0.00781458235078
22.19,0.00966963195235
22.2,0.0114826026851
22.21,0.0132460140587
22.22,0.0149526032865
22.23,0.0165953547967
22.24,0.0181675258637
22.25,0.0196626756186
22.26,0.0210746865621
22.27,0.0223977919686
22.28,0.0236265936054
22.29,0.0247560868241
22.3,0.025781674742
22.31,0.0266991900451
22.32,0.0275049065307
22.33,0.0281955562964
22.34,0.0287683391971
22.35,0.0292209353383
22.36,0.0295515118801
22.37,0.0297587311605
22.38,0.0298417546099
22.39,0.0298002471165
22.4,0.029634389594
22.41,0.0293448951941
22.42,0.0289330085287
22.43,0.0284004996996
22.44,0.0277496560826
22.45,0.0269832717716
22.46,0.0261046342439
22.47,0.0251175097139
22.48,0.0240261248448
22.49,0.022835148391
22.5,0.0215496684083
22.51,0.020175170657
22.52,0.0187175116398
22.53,0.0171828946216
22.54,0.0155778386178
22.55,0.0139091529046
22.56,0.0121839026785
22.57,0.010409382066
22.58,0.00859307804982
22.59,0.00674264161389
22.6,0.00486585134486
22.61,0.00297058269982
22.62,0.00106477269929
22.63,-0.000843612988696
22.64,-0.00274661302256
22.65,-0.00463630489656
22.66,-0.00650483579667
22.67,-0.00834445663981
22.68,-0.0101475522578
22.69,-0.0119066725356
22.7,-0.0136145629286
22.71,-0.0152641916425
22.72,-0.0168487797323
22.73,-0.0183618249066
22.74,-0.0197971297299
22.75,-0.0211488226456
22.76,-0.0224113834879
22.77,-0.023579661431
22.78,-0.0246488979798
22.79,-0.0256147411288
22.8,-0.0264732657441
22.81,-0.0272209843142
22.82,-0.0278548634362
22.83,-0.0283723321863
22.84,-0.0287712938785
22.85,-0.0290501322007
22.86,-0.0292077181689
22.87,-0.0292434137976
22.88,-0.0291570774129
22.89,-0.0289490804508
22.9,-0.0286203167462
22.91,-0.0281721986945
22.92,-0.0276066507267
22.93,-0.0269261002028
22.94,-0.0261334663957
22.95,-0.0252321465687
22.96,-0.0242260006784
22.97,-0.0231193332872
22.98,-0.0219168738394
22.99,-0.0206237553024
23,-0.0192454902096
23.01,-0.0177879464806
23.02,-0.0162573201792
23.03,-0.0146601081966
23.04,-0.0130030794285
23.05,-0.0112932440079
23.06,-0.00953782371896
23.07,-0.0077442190301
23.08,-0.00591997812598
23.09,-0.00407276375238
23.1,-0.00221032028802
23.11,-0.000340441819815
23.12,0.00152906238236
23.13,0.00339039855358
23.14,0.005235822614
23.15,0.00705767086608
23.16,0.00884839158586
23.17,0.0106005764457
23.18,0.012306988763
23.19,0.01396059442
23.2,0.0155545877718
23.21,0.0170824200757
23.22,0.018537824156
23.23,0.0199148390238
23.24,0.0212078332121
23.25,0.0224115257164
23.26,0.0235210068812
23.27,0.0245317565816
23.28,0.0254396612166
23.29,0.0262410298448
23.3,0.0269326069077
23.31,0.0275115855422
23.32,0.0279756170457
23.33,0.0283228201952
23.34,0.0285517879847
23.35,0.0286615927093
23.36,0.0286517898028
23.37,0.0285224262782
23.38,0.0282740577111
23.39,0.0279077507532
23.4,0.0274250779802
23.41,0.0268281107011
23.42,0.0261194092154
23.43,0.0253020109933
23.44,0.0243794168101
23.45,0.0233555740631
23.46,0.0222348596042
23.47,0.0210220582796
23.48,0.0197223430132
23.49,0.0183412489335
23.5,0.0168846513208
23.51,0.0153587357589
23.52,0.0137699742758
23.53,0.0121250927769
23.54,0.0104310449688
23.55,0.00869497859212
23.56,0.00692420724828
23.57,0.00512617598242
23.58,0.00330843192153
23.59,0.0014785896191
23.6,-0.000355699018432
23.61,-0.00218677851336
23.62,-0.00400702099508
23.63,-0.00580885752969
23.64,-0.00758481042067
23.65,-0.00932752190123
23.66,-0.011029785888
23.67,-0.0126845753056
23.68,-0.0142850709671
23.69,-0.0158246888018
23.7,-0.0172971045014
23.71,-0.0186962803918
23.72,-0.020016486012
23.73,-0.0212523236294
23.74,-0.0223987451544
23.75,-0.0234510754102
23.76,-0.0244050259256
23.77,-0.0252567147318
23.78,-0.0260026779661
23.79,-0.0266398851746
23.8,-0.0271657488233
23.81,-0.0275781353975
23.82,-0.0278753720636
23.83,-0.0280562539461
23.84,-0.0281200477172
23.85,-0.0280664958873
23.86,-0.0278958297829
23.87,-0.0276087819747
23.88,-0.0272065844086
23.89,-0.0266909625807
23.9,-0.026064127532
23.91,-0.0253287657602
23.92,-0.0244880264288
23.93,-0.0235455074363
23.94,-0.0225052380966
23.95,-0.0213716616227
23.96,-0.0201496137847
23.97,-0.0188443021379
23.98,-0.0174612810484
23.99,-0.0160064284968
24,-0.014485917396
24.01,-0.0129061910837
24.02,-0.0112739313488
24.03,-0.00959603268376
24.04,-0.00787956858444
24.05,-0.00613176409385
24.06,-0.00435996187759
24.07,-0.00257159281852
24.08,-0.000774143327512
24.09,0.0010248762509
24.1,0.00281796216287
24.11,0.00459765013358
24.12,0.00635654420925
24.13,0.00808734891105
24.14,0.00978289767543
24.15,0.0114361821545
24.16,0.0130403810069
24.17,0.0145888854743
24.18,0.0160753277906
24.19,0.017493603509
24.2,0.0188378982637
24.21,0.0201027072591
24.22,0.0212828597045
24.23,0.0223735352216
24.24,0.0233702859665
24.25,0.0242690495091
24.26,0.0250661682568
24.27,0.0257583993889
24.28,0.0263429303386
24.29,0.0268173865811
24.3,0.0271798426021
24.31,0.0274288275203
24.32,0.0275633315278
24.33,0.0275828091185
24.34,0.0274871848919
24.35,0.0272768693395
24.36,0.0269527647501
24.37,0.0265162611783
24.38,0.0259692300862
24.39,0.0253140155162
24.4,0.0245534234798
24.41,0.023690708811
24.42,0.0227295602916
24.43,0.0216740839294
24.44,0.0205287836293
24.45,0.0192985417206
24.46,0.0179885953972
24.47,0.0166045149226
24.48,0.0151521766107
24.49,0.0136377385574
24.5,0.0120676117147
24.51,0.0104484326874
24.52,0.00878703401281
24.53,0.00709041479553
24.54,0.00536570991393
24.55,0.00362016017231
24.56,0.00186108008826
24.57,9.58286326564e-05
24.58,-0.00166822381327
24.59,-0.00342372423411
24.6,-0.00516336906235
24.61,-0.00687993351905
24.62,-0.00856630092989
24.63,-0.0102154927764
24.64,-0.0118206950471
24.65,-0.0133752875693
24.66,-0.0148728683787
24.67,-0.0163072805297
24.68,-0.0176726353841
24.69,-0.0189633357973
24.7,-0.0201740981178
24.71,-0.0212999719426
24.72,-0.0223363597243
24.73,-0.0232790339853
24.74,-0.0241241531695
24.75,-0.0248682769066
24.76,-0.0255083778705
24.77,-0.0260418542708
24.78,-0.0264665386747
24.79,-0.0267807066572
24.8,-0.026983083035
24.81,-0.0270728464896
24.82,-0.0270496331154
24.83,-0.0269135455631
24.84,-0.0266651673924
24.85,-0.0263055635725
24.86,-0.0258362754399
24.87,-0.0252593136421
24.88,-0.0245771488326
24.89,-0.0237927001662
24.9,-0.0229093222535
24.91,-0.0219307890686
24.92,-0.0208612777694
24.93,-0.0197053482581
24.94,-0.0184679242962
24.95,-0.0171542690478
24.96,-0.0157699641625
24.97,-0.0143208815311
24.98,-0.0128131608835
24.99,-0.0112531786842
25,-0.00964752400247
25.01,-0.00800296602977
25.02,-0.00632642806092
25.03,-0.0046249545334
25.04,-0.00290568359595
25.05,-0.00117581433653
25.06,0.000557421798374
25.07,0.00228679245998
25.08,0.00400509441747
25.09,0.00570518254815
25.1,0.00738000077961
25.11,0.00902260890966
25.12,0.0106262126867
25.13,0.0121841896269
25.14,0.0136901162109
25.15,0.0151377936561
25.16,0.0165212711286
25.17,0.0178348711415
25.18,0.0190732089499
25.19,0.020231216629
25.2,0.0213041590244
25.21,0.0222876556514
25.22,0.0231776937553
25.23,0.0239706468087
25.24,0.0246632855547
25.25,0.025252792229
25.26,0.0257367695531
25.27,0.0261132510187
25.28,0.0263807071058
25.29,0.0265380519617
25.3,0.0265846466567
25.31,0.0265203035163
25.32,0.026345299145
25.33,0.026060383599
25.34,0.0256667777725
25.35,0.0251661677176
25.36,0.0245606968121
25.37,0.0238529560842
25.38,0.0230459719244
25.39,0.0221431927305
25.4,0.0211484725304
25.41,0.0200660540662
25.42,0.0189005489168
25.43,0.0176569172171
25.44,0.0163404447148
25.45,0.0149567199399
25.46,0.0135116079584
25.47,0.0120112263123
25.48,0.0104619155327
25.49,0.00887021417222
25.5,0.00724282747756
25.51,0.00558660089843
25.52,0.00390848864314
25.53,0.00221552518308
25.54,0.000514795081327
25.55,-0.00118659750929
25.56,-0.00288155718503
25.57,-0.00456302870547
25.58,-0.00622402407569
25.59,-0.00785765297497
25.6,-0.00945714968111
25.61,-0.0110159006817
25.62,-0.0125274719498
25.63,-0.0139856330636
25.64,-0.0153843840951
25.65,-0.0167179766292
25.66,-0.0179809391765
25.67,-0.0191680953638
25.68,-0.0202745872808
25.69,-0.0212958906296
25.7,-0.0222278359045
25.71,-0.0230666202767
25.72,-0.0238088260007
25.73,-0.0244514297143
25.74,-0.0249918169381
25.75,-0.0254277893826
25.76,-0.0257575751579
25.77,-0.025979833962
25.78,-0.0260936630245
25.79,-0.026098600003
25.8,-0.0259946292842
25.81,-0.0257821964213
25.82,-0.0254622114233
25.83,-0.0250360446323
25.84,-0.0245055204876
25.85,-0.0238729089677
25.86,-0.0231409153424
25.87,-0.0223126676532
25.88,-0.0213917023354
25.89,-0.0203819484826
25.9,-0.0192877091967
25.91,-0.0181136433459
25.92,-0.0168647428879
25.93,-0.0155463125374
25.94,-0.0141639437283
25.95,-0.0127234921123
25.96,-0.011231049584
25.97,-0.00969291915668
25.98,-0.00811558616635
25.99,-0.00650569113144
26,-0.00487000000371
26.01,-0.00321537647476
26.02,-0.00154875104759
26.03,0.000122906318406
26.04,0.00179261765841
26.05,0.00345342413144
26.06,0.00509841639247
26.07,0.00672076236251
26.08,0.00831373493438
26.09,0.00987074042881
26.1,0.0113853434564
26.11,0.012851294806
26.12,0.0142625542311
26.13,0.0156133162057
26.14,0.0168980313897
26.15,0.0181114292287
26.16,0.019248537954
26.17,0.020304704124
26.18,0.0212756101531
26.19,0.0221572916015
26.2,0.0229461510578
26.21,0.0236389734532
26.22,0.0242329364253
26.23,0.0247256226335
26.24,0.0251150275387
26.25,0.0253995678037
26.26,0.0255780867924
26.27,0.0256498589654
26.28,0.0256145931745
26.29,0.025472442294
26.3,0.025224015048
26.31,0.0248703750734
26.32,0.0244130359717
26.33,0.0238539543961
26.34,0.0231955210669
26.35,0.0224405496612
26.36,0.0215922643445
26.37,0.0206542843466
26.38,0.0196306085488
26.39,0.0185255959928
26.4,0.0173439479254
26.41,0.0160906845371
26.42,0.0147711251169
26.43,0.013390861219
26.44,0.011955735432
26.45,0.0104718118811
26.46,0.00894535335209
26.47,0.00738279051655
26.48,0.00579069727448
26.49,0.00417575954138
26.5,0.0025447492737
26.51,0.00090449340163
26.52,-0.000738153186148
26.53,-0.00237633749351
26.54,-0.00400323676346
26.55,-0.00561208600259
26.56,-0.00719620724713
26.57,-0.0087490348921
26.58,-0.010264144393
26.59,-0.0117352762952
26.6,-0.0131563625645
26.61,-0.0145215502846
26.62,-0.0158252243523
26.63,-0.0170620308075
26.64,-0.0182268958408
26.65,-0.0193150479094
26.66,-0.0203220335
26.67,-0.021243737008
26.68,-0.0220763940331
26.69,-0.0228166076945
26.7,-0.0234613601724
26.71,-0.0240080250248
26.72,-0.0244543764795
26.73,-0.0247985983768
26.74,-0.0250392904053
26.75,-0.0251754739783
26.76,-0.0252065953129
26.77,-0.0251325299266
26.78,-0.0249535952555
26.79,-0.02467055715
26.8,-0.0242846267747
26.81,-0.0237974550148
26.82,-0.0232111248489
26.83,-0.0225281419954
26.84,-0.0217514230745
26.85,-0.0208842828395
26.86,-0.0199304184353
26.87,-0.0188938933766
26.88,-0.0177791184004
26.89,-0.0165908324354
26.9,-0.015334080403
26.91,-0.0140141919805
26.92,-0.0126367561396
26.93,-0.0112075988267
26.94,-0.00973275452724
26.95,-0.00821844292167
26.96,-0.00667103890676
26.97,-0.00509704770055
26.98,-0.00350307480608
26.99,-0.0018957992432
27,-0.000281944666675
27.01,0.0013317492657
27.02,0.00293855396708
27.03,0.00453178160853
27.04,0.00610481068588
27.05,0.00765111521221
27.06,0.00916428960944
27.07,0.010638075669
27.08,0.0120663875755
27.09,0.0134433354633
27.1,0.0147632503954
27.11,0.0160207045036
27.12,0.0172105350674
27.13,0.0183278615013
27.14,0.0193681078186
27.15,0.0203270165206
27.16,0.0212006689604
27.17,0.0219854964424
27.18,0.0226782973983
27.19,0.0232762465255
27.2,0.0237769079618
27.21,0.0241782425079
27.22,0.0244786169159
27.23,0.0246768087644
27.24,0.0247720119855
27.25,0.0247638394075
27.26,0.0246523296522
27.27,0.0244379598745
27.28,0.0241216471432
27.29,0.0237047442606
27.3,0.0231890336261
27.31,0.0225767189084
27.32,0.0218704151999
27.33,0.0210731368345
27.34,0.0201882838412
27.35,0.0192196265508
27.36,0.0181712881914
27.37,0.017047727004
27.38,0.0158537152075
27.39,0.0145943189263
27.4,0.0132748743445
27.41,0.0119009651251
27.42,0.0104783972418
27.43,0.00901317358726
27.44,0.00751146811804
27.45,0.00597959872559
27.46,0.00442400016995
27.47,0.00285119686783
27.48,0.00126777420199
27.49,-0.000319647816359
27.5,-0.00190444428076
27.51,-0.003480010924
27.52,-0.00503979350892
27.53,-0.00657731322223
27.54,-0.0080861940934
27.55,-0.00956018889715
27.56,-0.0109932035607
27.57,-0.0123793231747
27.58,-0.0137128335467
27.59,-0.0149882462457
27.6,-0.0162003176909
27.61,-0.0173440723733
27.62,-0.0184148195461
27.63,-0.0194081742926
27.64,-0.0203200713505
27.65,-0.0211467841864
27.66,-0.0218849356654
27.67,-0.0225315144293
27.68,-0.0230838832231
27.69,-0.0235397915179
27.7,-0.0238973819378
27.71,-0.0241551988262
27.72,-0.0243121926732
27.73,-0.0243677246902
27.74,-0.0243215696234
27.75,-0.0241739259623
27.76,-0.0239254251302
27.77,-0.0235771296981
27.78,-0.0231305284722
27.79,-0.0225875296759
27.8,-0.0219504523512
27.81,-0.0212220154673
27.82,-0.0204053260449
27.83,-0.0195038643724
27.84,-0.0185214690765
27.85,-0.0174623188528
27.86,-0.0163309147735
27.87,-0.0151320588392
27.88,-0.0138708342068
27.89,-0.01255258052
27.9,-0.0111828729621
27.91,-0.00976749472605
27.92,-0.00831241494042
27.93,-0.00682375960772
27.94,-0.00530778799707
27.95,-0.00377086330031
27.96,-0.00221942738814
27.97,-0.000659972243914
27.98,0.000900987001574
27.99,0.00245693893299
28,0.00400140415242
28.01,0.00552796032203
28.02,0.00703027063551
28.03,0.00850210761041
28.04,0.00993738013465
28.05,0.0113301568694
28.06,0.012674690396
28.07,0.0139654406163
28.08,0.0151970953878
28.09,0.0163645934684
28.1,0.0174631417871
28.11,0.0184882371065
28.12,0.0194356802294
28.13,0.0203015955983
28.14,0.0210824429852
28.15,0.0217750338453
28.16,0.0223765412506
28.17,0.0228845123561
28.18,0.0232968763739
28.19,0.023611953524
28.2,0.0238284604094
28.21,0.0239455156869
28.22,0.0239626427513
28.23,0.0238797745598
28.24,0.0236972655834
28.25,0.0234158959952
28.26,0.0230368682981
28.27,0.0225618018387
28.28,0.0219927253057
28.29,0.0213320676993
28.3,0.0205826469181
28.31,0.0197476573904
28.32,0.0188306551882
28.33,0.0178355422937
28.34,0.0167665488614
28.35,0.0156282142902
28.36,0.0144253669651
28.37,0.0131631029307
28.38,0.0118467627977
28.39,0.0104819093217
28.4,0.0090743014121
28.41,0.00762987096285
28.42,0.00615469520546
28.43,0.00465497216876
28.44,0.00313699302685
28.45,0.00160711570421
28.46,7.1738328195e-05
28.47,-0.00146272876281
28.48,-0.00298988815755
28.49,-0.00450338396618
28.5,-0.0059969259317
28.51,-0.00746431716279
28.52,-0.00889947793334
28.53,-0.0102964710639
28.54,-0.0116495259196
28.55,-0.0129530605941
28.56,-0.0142017057505
28.57,-0.0153903236558
28.58,-0.0165140310885
28.59,-0.0175682153992
28.6,-0.0185485558535
28.61,-0.0194510367453
28.62,-0.0202719667062
28.63,-0.0210079892012
28.64,-0.0216560987095
28.65,-0.0222136494026
28.66,-0.0226783674807
28.67,-0.0230483579888
28.68,-0.023322113465
28.69,-0.023498518477
28.7,-0.0235768546824
28.71,-0.0235568032326
28.72,-0.0234384521452
28.73,-0.0232223072077
28.74,-0.0229092919619
28.75,-0.0225007434804
28.76,-0.0219984063367
28.77,-0.0214044244849
28.78,-0.0207213317161
28.79,-0.0199520399447
28.8,-0.0190998261046
28.81,-0.0181683174816
28.82,-0.0171614749107
28.83,-0.0160835758089
28.84,-0.014939193913
28.85,-0.013733180289
28.86,-0.0124706403862
28.87,-0.0111569127067
28.88,-0.00979754461018
28.89,-0.00839826834333
28.9,-0.00696497618021
28.91,-0.00550369484133
28.92,-0.00402055947629
28.93,-0.00252178802666
28.94,-0.00101365367765
28.95,0.000497539986277
28.96,0.00200548742818
28.97,0.00350390530991
28.98,0.00498656058269
28.99,0.00644729446404
29,0.00788004872318
29.01,0.0092788900594
29.02,0.010638033545
29.03,0.0119518671576
29.04,0.0132149723625
29.05,0.0144221479115
29.06,0.015568427838
29.07,0.0166491037898
29.08,0.0176597404256
29.09,0.018596195945
29.1,0.0194546346115
29.11,0.0202315453156
29.12,0.0209237513468
29.13,0.0215284259761
29.14,0.0220431003237
29.15,0.02246567517
29.16,0.0227944270144
29.17,0.0230280160837
29.18,0.0231654903467
29.19,0.0232062897938
29.2,0.0231502492736
29.21,0.0229976087817
29.22,0.0227490203483
29.23,0.0224055456632
29.24,0.0219686512106
29.25,0.0214402015498
29.26,0.0208224509877
29.27,0.020118033014
29.28,0.0193299488302
29.29,0.018461553206
29.3,0.0175165399962
29.31,0.0164989248841
29.32,0.015413028064
29.33,0.0142634542288
29.34,0.0130550730977
29.35,0.0117929964667
29.36,0.010482557651
29.37,0.00912928571249
29.38,0.00773888402371
29.39,0.0063172028997
29.4,0.00487021676418
29.41,0.00340399661491
29.42,0.00192468546629
29.43,0.000438471711587
29.44,-0.00104843709706
29.45,-0.0025298393449
29.46,-0.0039995666638
29.47,-0.00545150750777
29.48,-0.00687963441468
29.49,-0.00827802653625
29.5,-0.0096408954494
29.51,-0.0109626073396
29.52,-0.012237706065
29.53,-0.0134609352803
29.54,-0.0146272581867
29.55,-0.0157318792046
29.56,-0.0167702605036
29.57,-0.0177381424385
29.58,-0.0186315571791
29.59,-0.0194468470899
29.6,-0.0201806760799
29.61,-0.0208300447239
29.62,-0.0213923000072
29.63,-0.0218651467513
29.64,-0.0222466553644
29.65,-0.0225352700354
29.66,-0.022729813854
29.67,-0.0228294939745
29.68,-0.022833904087
29.69,-0.0227430296269
29.7,-0.02255725874
29.71,-0.0222773846405
29.72,-0.0219046020759
29.73,-0.021440501902
29.74,-0.0208870637414
29.75,-0.0202466472171
29.76,-0.0195219808944
29.77,-0.0187161503857
29.78,-0.017832583969
29.79,-0.0168750375811
29.8,-0.0158475776585
29.81,-0.0147545632143
29.82,-0.0136006261823
29.83,-0.0123906513752
29.84,-0.0111297540042
29.85,-0.00982325870708
29.86,-0.00847667433525
29.87,-0.00709567218455
29.88,-0.00568605935218
29.89,-0.00425375556395
29.9,-0.00280476661764
29.91,-0.00134515940773
29.92,0.000118963555823
29.93,0.00158149064921
29.94,0.00303632520117
29.95,0.00447741270055
29.96,0.00589876365994
29.97,0.00729448031009
29.98,0.00865877876502
29.99,0.00998601385735
30,0.0112707012077
30.01,0.0125075391145
30.02,0.013691430535
30.03,0.0148175017626
30.04,0.0158811237608
30.05,0.0168779277758
30.06,0.01780382529
30.07,0.0186550208324
30.08,0.0194280297806
30.09,0.0201196890261
30.1,0.0207271713707
30.11,0.0212479946823
30.12,0.0216800326469
30.13,0.0220215218656
30.14,0.0222710694476
30.15,0.0224276575095
30.16,0.0224906477004
30.17,0.022459783527
30.18,0.0223351981648
30.19,0.0221174234497
30.2,0.0218073888701
30.21,0.0214064173087
30.22,0.0209162190597
30.23,0.0203388840787
30.24,0.0196768723558
30.25,0.0189330031528
30.26,0.0181104416454
30.27,0.0172126855756
30.28,0.0162435483906
30.29,0.0152071436398
30.3,0.0141078648543
30.31,0.0129503682557
30.32,0.0117395495117
30.33,0.0104805252398
30.34,0.00917860733407
30.35,0.00783928309058
30.36,0.00646818830961
30.37,0.00507108584788
30.38,0.00365383829399
30.39,0.0022223853503
30.4,0.000782716468524
30.41,-0.000659152557392
30.42,-0.00209720614284
30.43,-0.00352545334324
30.44,-0.00493795254641
30.45,-0.0063288368086
30.46,-0.00769233639501
30.47,-0.00902280418069
30.48,-0.0103147363678
30.49,-0.0115627967892
30.5,-0.0127618363031
30.51,-0.0139069148706
30.52,-0.0149933200151
30.53,-0.0160165860826
30.54,-0.016972511352
30.55,-0.0178571747531
30.56,-0.0186669506403
30.57,-0.0193985237042
30.58,-0.0200489004477
30.59,-0.0206154222936
30.6,-0.021095774157
30.61,-0.0214879947133
30.62,-0.0217904828189
30.63,-0.022002004274
30.64,-0.0221216962179
30.65,-0.0221490704608
30.66,-0.0220840168858
30.67,-0.0219268134269
30.68,-0.0216781308865
30.69,-0.0213390302055
30.7,-0.0209109576623
30.71,-0.0203957382118
30.72,-0.0197955674021
30.73,-0.0191130011562
30.74,-0.0183509445435
30.75,-0.0175126384623
30.76,-0.0166016451389
30.77,-0.0156218323547
30.78,-0.0145773557787
30.79,-0.0134726410709
30.8,-0.0123123636986
30.81,-0.0111014286917
30.82,-0.00984494916301
30.83,-0.0085482234328
30.84,-0.00721671291175
30.85,-0.00585601744331
30.86,-0.00447185207599
30.87,-0.00307002217918
30.88,-0.00165639858985
30.89,-0.000236893526968
30.9,0.00118256559848
30.91,0.00259605920832
30.92,0.00399770223893
30.93,0.00538166630048
30.94,0.00674220570906
30.95,0.00807367920446
30.96,0.00937057410451
30.97,0.010627528043
30.98,0.0118393503255
30.99,0.0130010435686
31,0.0141078220333
31.01,0.0151551326571
31.02,0.0161386704407
31.03,0.0170543981976
31.04,0.0178985591893
31.05,0.01866769493
31.06,0.0193586555614
31.07,0.0199686145958
31.08,0.0204950777147
31.09,0.02093589394
31.1,0.0212892625944
31.11,0.0215537412387
31.12,0.0217282502608
31.13,0.0218120777285
31.14,0.021804881646
31.15,0.0217066955607
31.16,0.0215179383629
31.17,0.0212394151834
31.18,0.0208723137576
31.19,0.0204181990823
31.2,0.01987900619
31.21,0.0192570316206
31.22,0.0185549227378
31.23,0.0177756661307
31.24,0.0169225739437
31.25,0.0159992691053
31.26,0.0150096692794
31.27,0.0139579691049
31.28,0.012848622001
31.29,0.0116863201932
31.3,0.0104759740206
31.31,0.00922269099883
31.32,0.00793175253324
31.33,0.00660859230973
31.34,0.00525877156864
31.35,0.00388795624709
31.36,0.00250189226776
31.37,0.00110638107033
31.38,-0.000292744189256
31.39,-0.00168964438358
31.4,-0.00307849706249
31.41,-0.00445352265309
31.42,-0.00580900613359
31.43,-0.00713932260096
31.44,-0.00843895835077
31.45,-0.00970253463965
31.46,-0.0109248286342
31.47,-0.0121007944154
31.48,-0.0132255837705
31.49,-0.0142945641552
31.5,-0.0153033388521
31.51,-0.0162477619924
31.52,-0.0171239573664
31.53,-0.0179283308107
31.54,-0.0186575868415
31.55,-0.0193087391315
31.56,-0.0198791237314
31.57,-0.0203664081363
31.58,-0.020768601081
31.59,-0.0210840594778
31.6,-0.0213114953355
31.61,-0.0214499800495
31.62,-0.0214989484937
31.63,-0.0214582013652
31.64,-0.0213279132584
31.65,-0.0211086397869
31.66,-0.0208013158923
31.67,-0.0204072515703
31.68,-0.0199281259494
31.69,-0.0193659797687
31.7,-0.0187232059256
31.71,-0.0180025391202
31.72,-0.0172070429215
31.73,-0.0163400968527
31.74,-0.0154053802587
31.75,-0.0144068571497
31.76,-0.0133487570683
31.77,-0.0122355582725
31.78,-0.0110719656777
31.79,-0.00986289292244
31.8,-0.00861343792818
31.81,-0.00732886379108
31.82,-0.00601457306861
31.83,-0.00467608725331
31.84,-0.0033190206657
31.85,-0.00194905873636
31.86,-0.000571932069533
31.87,0.000806606305363
31.88,0.00218080581803
31.89,0.00354494221228
31.9,0.00489334065535
31.91,0.00622040032745
31.92,0.00752061564777
31.93,0.00878860073199
31.94,0.0100191090221
31.95,0.0112070565798
31.96,0.0123475405057
31.97,0.0134358600728
31.98,0.0144675342263
31.99,0.0154383200598
32,0.0163442289496
32.01,0.0171815426637
32.02,0.0179468271686
32.03,0.0186369470651
32.04,0.0192490762116
32.05,0.0197807103558
32.06,0.0202296750846
32.07,0.0205941356076
32.08,0.0208726027163
32.09,0.0210639391461
32.1,0.0211673636123
32.11,0.0211824538694
32.12,0.0211091503676
32.13,0.02094776578
32.14,0.0206989880809
32.15,0.0203638775671
32.16,0.0199438621071
32.17,0.0194407305659
32.18,0.0188566248878
32.19,0.0181940302744
32.2,0.0174557640847
32.21,0.0166449633066
32.22,0.0157650701069
32.23,0.014819817209
32.24,0.0138132102278
32.25,0.012749511268
32.26,0.0116332185881
32.27,0.0104690483109
32.28,0.00926191253981
32.29,0.00801689880762
32.3,0.00673924751636
32.31,0.00543432964256
32.32,0.00410762328006
32.33,0.00276469092771
32.34,0.00141115475037
32.35,5.26743381297e-05
32.36,-0.00130507894674
32.37,-0.00265644357126
32.38,-0.00399579357047
32.39,-0.00531755965209
32.4,-0.00661625399114
32.41,-0.00788649119588
32.42,-0.00912301108385
32.43,-0.010320699746
32.44,-0.0114746096619
32.45,-0.0125799805682
32.46,-0.013632256796
32.47,-0.014627107427
32.48,-0.0155604408944
32.49,-0.0164284238434
32.5,-0.0172274931231
32.51,-0.0179543727377
32.52,-0.018606083716
32.53,-0.0191799580514
32.54,-0.0196736470922
32.55,-0.0200851320509
32.56,-0.0204127305888
32.57,-0.0206551042466
32.58,-0.0208112627214
32.59,-0.0208805683336
32.6,-0.0208627381607
32.61,-0.0207578500184
32.62,-0.0205663509519
32.63,-0.0202890570206
32.64,-0.0199271495883
32.65,-0.0194821700159
32.66,-0.0189560126966
32.67,-0.0183509164116
32.68,-0.0176694545486
32.69,-0.0169145230026
32.7,-0.0160893280024
32.71,-0.0151973707364
32.72,-0.0142424330855
32.73,-0.0132285592031
32.74,-0.0121600396497
32.75,-0.0110413900625
32.76,-0.00987733414051
32.77,-0.00867277999777
32.78,-0.00743280186372
32.79,-0.0061626152339
32.8,-0.0048675571023
32.81,-0.00355306059404
32.82,-0.00222463417988
32.83,-0.000887836055237
32.84,0.000451747196392
32.85,0.00178852582502
32.86,0.00311692890949
32.87,0.00443142818434
32.88,0.00572656080408
32.89,0.00699695113504
32.9,0.00823733390539
32.91,0.00944257389528
32.92,0.0106076886808
32.93,0.011727866463
32.94,0.0127984875551
32.95,0.0138151404916
32.96,0.0147736417638
32.97,0.0156700500279
32.98,0.0165006839628
32.99,0.0172621340562
33,0.0179512787741
33.01,0.0185652936508
33.02,0.0191016651431
33.03,0.0195581977257
33.04,0.0199330245191
33.05,0.0202246127441
33.06,0.0204317708695
33.07,0.0205536523276
33.08,0.0205897592485
33.09,0.0205399449671
33.1,0.0204044222073
33.11,0.020183768368
33.12,0.0198789233969
33.13,0.0194911855373
33.14,0.0190222054131
33.15,0.0184739787423
33.16,0.0178488370774
33.17,0.0171494376891
33.18,0.0163787512748
33.19,0.0155400490215
33.2,0.0146368877751
33.21,0.0136730943706
33.22,0.0126527486044
33.23,0.0115801654054
33.24,0.0104598754123
33.25,0.00929660604736
33.26,0.00809525954759
33.27,0.0068608933931
33.28,0.00559869670109
33.29,0.00431396954381
33.3,0.00301209904117
33.31,0.00169853722329
33.32,0.000378777738371
33.33,-0.00094166761013
33.34,-0.00225729102406
33.35,-0.0035626130466
33.36,-0.00485220344138
33.37,-0.00612070562912
33.38,-0.00736285642749
33.39,-0.008573509674
33.4,-0.00974765507437
33.41,-0.0108804400722
33.42,-0.0119671881393
33.43,-0.0130034180612
33.44,-0.0139848616769
33.45,-0.0149074803891
33.46,-0.015767481744
33.47,-0.0165613335306
33.48,-0.0172857782307
33.49,-0.0179378454532
33.5,-0.0185148632366
33.51,-0.0190144689715
33.52,-0.0194346178066
33.53,-0.019773591161
33.54,-0.0200300029088
33.55,-0.0202028048595
33.56,-0.0202912908366
33.57,-0.0202950992467
33.58,-0.0202142171972
33.59,-0.0200489892818
33.6,-0.0198001192264
33.61,-0.0194686667624
33.62,-0.0190560429009
33.63,-0.0185640034606
33.64,-0.0179946412786
33.65,-0.0173503767765
33.66,-0.0166339469507
33.67,-0.015848393552
33.68,-0.0149970487645
33.69,-0.0140835214768
33.7,-0.0131116798331
33.71,-0.012085635932
33.72,-0.0110097256481
33.73,-0.00988849181981
33.74,-0.00872666228425
33.75,-0.00752913120292
33.76,-0.00630093629309
33.77,-0.00504723853175
33.78,-0.00377329863961
33.79,-0.00248445618634
33.8,-0.00118610515604
33.81,0.000116326820289
33.82,0.00141740341847
33.83,0.00271170009841
33.84,0.0039938288275
33.85,0.00525845833685
33.86,0.0065003376947
33.87,0.00771431662583
33.88,0.00889536701169
33.89,0.0100386033147
33.9,0.0111393015834
33.91,0.0121929195771
33.92,0.0131951132134
33.93,0.0141417558918
33.94,0.0150289523887
33.95,0.0158530568783
33.96,0.0166106843495
33.97,0.0172987267412
33.98,0.0179143623773
33.99,0.0184550691254
34,0.0189186324451
34.01,0.0193031552518
34.02,0.019607064178
34.03,0.0198291165154
34.04,0.0199684042146
34.05,0.0200243579928
34.06,0.0199967493866
34.07,0.0198856970837
34.08,0.0196916739821
34.09,0.0194155061734
34.1,0.0190583691923
34.11,0.0186217827442
34.12,0.0181076038918
34.13,0.0175180185578
34.14,0.0168555320586
34.15,0.0161229573255
34.16,0.0153234031291
34.17,0.0144602592309
34.18,0.0135371825776
34.19,0.0125580795878
34.2,0.0115270908169
34.21,0.010448570475
34.22,0.00932707002106
34.23,0.00816731545645
34.24,0.00697418973894
34.25,0.00575270889772
34.26,0.00450800310426
34.27,0.0032452922595
34.28,0.00196986611972
34.29,0.000687059677791
34.3,-0.000597767271048
34.31,-0.0018792543194
34.32,-0.00315206151355
34.33,-0.00441089221753
34.34,-0.00565051485703
34.35,-0.00686578387757
34.36,-0.00805166181652
34.37,-0.00920323822965
34.38,-0.0103157514182
34.39,-0.0113846054621
34.4,-0.012405390867
34.41,-0.0133738997788
34.42,-0.014286145127
34.43,-0.0151383737917
34.44,-0.0159270841256
34.45,-0.0166490366888
34.46,-0.0173012700851
34.47,-0.0178811093263
34.48,-0.0183861791016
34.49,-0.0188144105002
34.5,-0.0191640510277
34.51,-0.0194336697556
34.52,-0.0196221640465
34.53,-0.0197287629342
34.54,-0.0197530306208
34.55,-0.0196948690927
34.56,-0.0195545261974
34.57,-0.0193325993635
34.58,-0.0190300331552
34.59,-0.0186481150089
34.6,-0.0181884693926
34.61,-0.0176530506588
34.62,-0.0170441339891
34.63,-0.016364305596
34.64,-0.0156164507105
34.65,-0.0148037412037
34.66,-0.0139296210264
34.67,-0.012997791385
34.68,-0.0120121939208
34.69,-0.0109769940254
34.7,-0.00989656156122
34.71,-0.00877545325597
34.72,-0.00761839101137
34.73,-0.00643024356591
34.74,-0.00521600341039
34.75,-0.00398076731477
34.76,-0.0027297129325
34.77,-0.00146807806698
34.78,-0.000201137745232
34.79,0.00106581768518
34.8,0.00232750440378
34.81,0.00357866791794
34.82,0.00481410350704
34.83,0.00602867935926
34.84,0.00721735559443
34.85,0.00837520698049
34.86,0.00949744067369
34.87,0.0105794177386
34.88,0.0116166697679
34.89,0.0126049184856
34.9,0.0135400913414
34.91,0.0144183388316
34.92,0.0152360486399
34.93,0.0159898609377
34.94,0.0166766801901
34.95,0.0172936889998
34.96,0.0178383570044
34.97,0.0183084528038
34.98,0.0187020506967
34.99,0.0190175396766
35,0.0192536284958
35.01,0.0194093513745
35.02,0.019484071343
35.03,0.0194774828783
35.04,0.0193896162736
35.05,0.0192208455044
35.06,0.0189718887913
35.07,0.0186438053528
35.08,0.0182379906993
35.09,0.0177561702466
35.1,0.0172003917003
35.11,0.016573015824
35.12,0.01587670578
35.13,0.0151144156047
35.14,0.0142893764039
35.15,0.0134050830106
35.16,0.0124652772124
35.17,0.0114739328851
35.18,0.0104352366988
35.19,0.00935357168069
35.2,0.00823349640574
35.21,0.00707972663834
35.22,0.00589711382609
35.23,0.00469062524787
35.24,0.00346532169516
35.25,0.00222633717136
35.26,0.00097885561583
35.27,-0.000271909170132
35.28,-0.00152073740959
35.29,-0.00276242297021
35.3,-0.00399179722196
35.31,-0.00520374818571
35.32,-0.00639324360242
35.33,-0.00755534973349
35.34,-0.00868525281289
35.35,-0.00977827767062
35.36,-0.0108299069043
35.37,-0.0118357992067
35.38,-0.0127918059857
35.39,-0.0136939890239
35.4,-0.0145386345545
35.41,-0.0153222696614
35.42,-0.0160416740885
35.43,-0.016693894544
35.44,-0.0172762549575
35.45,-0.0177863676253
35.46,-0.0182221421533
35.47,-0.0185817936826
35.48,-0.0188638496756
35.49,-0.0190671557944
35.5,-0.0191908800462
35.51,-0.0192345163331
35.52,-0.0191978865791
35.53,-0.0190811473071
35.54,-0.0188847952248
35.55,-0.018609665663
35.56,-0.0182569287846
35.57,-0.0178280843726
35.58,-0.0173249550736
35.59,-0.0167496781644
35.6,-0.0161046962437
35.61,-0.0153927458286
35.62,-0.0146168459417
35.63,-0.0137802836575
35.64,-0.012886600888
35.65,-0.0119395770855
35.66,-0.0109432146572
35.67,-0.00990171902178
35.68,-0.00881948289261
35.69,-0.00770106447959
35.7,-0.00655117034716
35.71,-0.00537463271788
35.72,-0.00417639101752
35.73,-0.00296146854513
35.74,-0.00173495337186
35.75,-0.000501974546692
35.76,0.000732317218289
35.77,0.00196277332634
35.78,0.00318426668183
35.79,0.00439171473389
35.8,0.00558009905218
35.81,0.00674448680556
35.82,0.00788005057445
35.83,0.00898208774037
35.84,0.0100460402463
35.85,0.0110675117492
35.86,0.012042286813
35.87,0.0129663458068
35.88,0.0138358830936
35.89,0.014647319607
35.9,0.0153973196475
35.91,0.0160828011614
35.92,0.0167009505855
35.93,0.0172492313835
35.94,0.0177253958292
35.95,0.0181274922999
35.96,0.0184538739377
35.97,0.0187032041133
35.98,0.0188744623661
35.99,0.0189669476779
36,0.0189802816619
36.01,0.0189144114025
36.02,0.0187696172152
36.03,0.0185465150192
36.04,0.0182460536213
36.05,0.0178695104729
36.06,0.0174184859985
36.07,0.0168948962565
36.08,0.0163009646592
36.09,0.0156392116293
36.1,0.0149124438769
36.11,0.0141237413649
36.12,0.0132764442496
36.13,0.012374137483
36.14,0.0114206357673
36.15,0.0104199658256
36.16,0.00937635016628
36.17,0.00829418684931
36.18,0.00717803259493
36.19,0.00603258076446
36.2,0.00486264345994
36.21,0.00367312879529
36.22,0.00246902188277
36.23,0.00125536206084
36.24,3.72228950117e-05
36.25,-0.00118030996995
36.26,-0.00239215971967
36.27,-0.0035932793089
36.28,-0.00477867303007
36.29,-0.00594341592803
36.3,-0.00708267553311
36.31,-0.00819172969323
36.32,-0.00926598782524
36.33,-0.0103010072355
36.34,-0.0112925132483
36.35,-0.0122364140571
36.36,-0.013128819249
36.37,-0.013966053037
36.38,-0.0147446710746
36.39,-0.015461471576
36.4,-0.0161135105501
36.41,-0.0166981105132
36.42,-0.0172128737069
36.43,-0.0176556888956
36.44,-0.0180247417164
36.45,-0.0183185199728
36.46,-0.0185358208114
36.47,-0.01867575443
36.48,-0.0187377480828
36.49,-0.0187215481574
36.5,-0.0186272249905
36.51,-0.0184551797437
36.52,-0.0182061440078
36.53,-0.0178811765209
36.54,-0.0174816584762
36.55,-0.0170092872259
36.56,-0.016466068785
36.57,-0.0158543088775
36.58,-0.0151766024473
36.59,-0.0144358225933
36.6,-0.0136351070392
36.61,-0.0127778453535
36.62,-0.0118676625718
36.63,-0.0109084050061
36.64,-0.00990412139588
36.65,-0.00885904731618
36.66,-0.00777758479192
36.67,-0.0066642849661
36.68,-0.00552382699268
36.69,-0.00436099932551
36.7,-0.00318067783824
36.71,-0.00198780664981
36.72,-0.000787375438118
36.73,0.000415599629444
36.74,0.00161609903535
36.75,0.00280911863575
36.76,0.00398969268731
36.77,0.00515291214667
36.78,0.00629394692677
36.79,0.0074080638148
36.8,0.00849064723452
36.81,0.00953721688877
36.82,0.0105434464201
36.83,0.0115051806666
36.84,0.0124184519388
36.85,0.0132794965497
36.86,0.0140847687029
36.87,0.0148309557215
36.88,0.0155149898577
36.89,0.0161340613442
36.9,0.0166856288383
36.91,0.0171674293744
36.92,0.0175774874404
36.93,0.0179141223069
36.94,0.0181759547893
36.95,0.0183619125133
36.96,0.0184712339494
36.97,0.0185034715873
36.98,0.0184584940895
36.99,0.0183364930745
37,0.0181379872719
37.01,0.0178638205223
37.02,0.0175151580453
37.03,0.0170934811762
37.04,0.0166005807272
37.05,0.0160385491308
37.06,0.0154097707617
37.07,0.0147169118876
37.08,0.0139629080485
37.09,0.0131509520567
37.1,0.0122844786519
37.11,0.0113671509137
37.12,0.0104028423099
37.13,0.00939562201987
37.14,0.00834973461215
37.15,0.00726958436748
37.16,0.00615971356032
37.17,0.00502478546738
37.18,0.00386956196341
37.19,0.00269888556595
37.2,0.001517656559
37.21,0.000330814578847
37.22,-0.000856684385167
37.23,-0.00203988661439
37.24,-0.00321386319274
37.25,-0.00437372884344
37.26,-0.00551466325135
37.27,-0.00663193014772
37.28,-0.00772089684687
37.29,-0.00877705338331
37.3,-0.00979602999977
37.31,-0.0107736159143
37.32,-0.0117057747079
37.33,-0.0125886622377
37.34,-0.0134186398645
37.35,-0.0141922911904
37.36,-0.0149064330367
37.37,-0.0155581305472
37.38,-0.0161447062721
37.39,-0.0166637527246
37.4,-0.0171131401187
37.41,-0.0174910259111
37.42,-0.0177958609821
37.43,-0.0180263964567
37.44,-0.0181816878249
37.45,-0.0182610992043
37.46,-0.0182643053507
37.47,-0.0181912953429
37.48,-0.0180423795876
37.49,-0.0178181910463
37.5,-0.01751968245
37.51,-0.0171481220512
37.52,-0.016705087862
37.53,-0.0161924607813
37.54,-0.0156124159276
37.55,-0.0149674132822
37.56,-0.0142601864415
37.57,-0.0134937307401
37.58,-0.0126712898778
37.59,-0.011796341646
37.6,-0.0108725826482
37.61,-0.0099039122298
37.62,-0.00889441502675
37.63,-0.00784834406539
37.64,-0.00677010109939
37.65,-0.00566421908844
37.66,-0.00453534126596
37.67,-0.00338820260922
37.68,-0.00222760859802
37.69,-0.00105841563821
37.7,0.000114489833604
37.71,0.00128621184918
37.72,0.00245186493705
37.73,0.00360659527604
37.74,0.00474559953244
37.75,0.00586414622355
37.76,0.00695759323678
37.77,0.00802140883616
37.78,0.00905118785515
37.79,0.0100426717641
37.8,0.0109917635434
37.81,0.0118945463172
37.82,0.0127472968123
37.83,0.0135465023102
37.84,0.0142888723539
37.85,0.0149713540885
37.86,0.0155911416857
37.87,0.0161456901151
37.88,0.0166327223655
37.89,0.0170502407695
37.9,0.0173965327347
37.91,0.0176701790312
37.92,0.0178700580508
37.93,0.0179953510238
37.94,0.0180455446727
37.95,0.0180204336517
37.96,0.0179201255794
37.97,0.0177450467445
37.98,0.0174959411122
37.99,0.0171738669845
38,0.0167801922212
38.01,0.0163165882498
38.02,0.0157850224025
38.03,0.0151877493901
38.04,0.0145273010829
38.05,0.0138064753473
38.06,0.013028323777
38.07,0.0121961379042
38.08,0.0113134352146
38.09,0.0103839431313
38.1,0.00941158324156
38.11,0.00840045394367
38.12,0.00735481254056
38.13,0.00627905734201
38.14,0.00517770802103
38.15,0.00405538697041
38.16,0.00291679898864
38.17,0.00176671163998
38.18,0.000609935059048
38.19,-0.000548698612182
38.2,-0.00170435477535
38.21,-0.00285221759521
38.22,-0.00398750857504
38.23,-0.00510550800049
38.24,-0.00620157238942
38.25,-0.00727115561431
38.26,-0.00830982518802
38.27,-0.00931328250235
38.28,-0.010277377931
38.29,-0.0111981296835
38.3,-0.0120717376794
38.31,-0.0128946006371
38.32,-0.013663328505
38.33,-0.0143747578071
38.34,-0.0150259619946
38.35,-0.0156142653387
38.36,-0.0161372508859
38.37,-0.0165927723663
38.38,-0.0169789603716
38.39,-0.0172942314572
38.4,-0.0175372928671
38.41,-0.0177071485838
38.42,-0.0178031025215
38.43,-0.0178247615927
38.44,-0.0177720380584
38.45,-0.0176451561378
38.46,-0.0174446549169
38.47,-0.0171713861382
38.48,-0.0168265103922
38.49,-0.0164114918767
38.5,-0.0159280920075
38.51,-0.0153783613188
38.52,-0.0147646306623
38.53,-0.0140895005172
38.54,-0.0133558297846
38.55,-0.0125667229169
38.56,-0.0117255163956
38.57,-0.0108357639467
38.58,-0.00990122121366
38.59,-0.00892582886233
38.6,-0.00791369635115
38.61,-0.00686908283915
38.62,-0.00579638035686
38.63,-0.00470009334276
38.64,-0.00358482088272
38.65,-0.00245523578612
38.66,-0.00131606586909
38.67,-0.000172073208555
38.68,0.000971965429521
38.69,0.00211127860513
38.7,0.00324112043448
38.71,0.00435678947226
38.72,0.0054536492557
38.73,0.00652714583732
38.74,0.00757282816611
38.75,0.00858636419587
38.76,0.00956356057302
38.77,0.0105003773018
38.78,0.0113929462554
38.79,0.0122375843193
38.8,0.0130308104342
38.81,0.0137693569411
38.82,0.0144501851345
38.83,0.0150704944195
38.84,0.0156277362619
38.85,0.0161196213581
38.86,0.016544131037
38.87,0.0168995231182
38.88,0.0171843403127
38.89,0.0173974146131
38.9,0.0175378727925
38.91,0.0176051391322
38.92,0.0175989380506
38.93,0.0175192977117
38.94,0.017366556444
38.95,0.017141363046
38.96,0.0168446738718
38.97,0.0164777485441
38.98,0.0160421444269
38.99,0.0155397094988
39,0.0149725743721
39.01,0.0143431425796
39.02,0.0136540801133
39.03,0.0129083035651
39.04,0.0121089671664
39.05,0.0112594491597
39.06,0.0103633366703
39.07,0.00942441027583
39.08,0.00844662754581
39.09,0.00743410545255
39.1,0.00639110339745
39.11,0.00532200380493
39.12,0.00423129445673
39.13,0.00312354829201
39.14,0.00200340482033
39.15,0.00087554989199
39.16,-0.000255303759841
39.17,-0.00138443621405
39.18,-0.00250714050552
39.19,-0.00361874136661
39.2,-0.00471461573504
39.21,-0.00579021029363
39.22,-0.00684106189353
39.23,-0.00786281378382
39.24,-0.00885123543978
39.25,-0.00980223744016
39.26,-0.0107118902148
39.27,-0.0115764375177
39.28,-0.0123923137205
39.29,-0.0131561556694
39.3,-0.0138648184777
39.31,-0.0145153853256
39.32,-0.0151051817454
39.33,-0.0156317833324
39.34,-0.0160930278473
39.35,-0.0164870214005
39.36,-0.0168121477176
39.37,-0.0170670729325
39.38,-0.0172507519336
39.39,-0.0173624315778
39.4,-0.0174016541658
39.41,-0.0173682592948
39.42,-0.0172623893387
39.43,-0.0170844939307
39.44,-0.0168353285086
39.45,-0.016515950909
39.46,-0.0161277166531
39.47,-0.0156722729803
39.48,-0.0151515513098
39.49,-0.0145677590055
39.5,-0.0139233691008
39.51,-0.0132211099571
39.52,-0.0124639525001
39.53,-0.0116550979844
39.54,-0.0107979629188
39.55,-0.0098961653818
39.56,-0.00895350763421
39.57,-0.0079739615444
39.58,-0.0069616491545
39.59,-0.0059208272379
39.6,-0.004855866688
39.61,-0.00377123607064
39.62,-0.00267148037741
39.63,-0.00156120387434
39.64,-0.000445048626524
39.65,0.00067232316103
39.66,0.00178625028939
39.67,0.00289209066445
39.68,0.00398524151712
39.69,0.00506115784442
39.7,0.00611537123941
39.71,0.00714350844082
39.72,0.00814130849547
39.73,0.00910464104805
39.74,0.0100295217141
39.75,0.0109121296746
39.76,0.0117488212047
39.77,0.0125361461846
39.78,0.0132708596723
39.79,0.0139499370742
39.8,0.0145705836999
39.81,0.0151302480801
39.82,0.0156266300238
39.83,0.0160576911012
39.84,0.0164216615603
39.85,0.0167170480223
39.86,0.0169426386413
39.87,0.0170975084132
39.88,0.0171810222344
39.89,0.0171928377966
39.9,0.0171329080223
39.91,0.0170014874703
39.92,0.016799134176
39.93,0.0165267071813
39.94,0.0161853627355
39.95,0.0157765491657
39.96,0.0153020003133
39.97,0.0147637280733
39.98,0.0141640130677
39.99,0.0135053950814
40,0.0127906612439
