0.050007;34.4875
0.100001;34.4611
0.150005;34.454
0.200007;34.4732
0.250001;34.487
0.300001;34.4762
0.350004;34.4568
0.400001;34.4552
0.450002;34.4596
0.500007;34.4569
0.550004;34.4417
0.600002;34.4275
0.650004;34.4797
0.700002;34.4715
0.750005;34.451
0.800002;34.4971
0.850007;34.5597
0.900005;34.5153
0.950002;34.5607
1.000003;34.5594
1.050003;34.5876
1.100004;34.5257
1.15;34.4551
1.200005;34.3876
1.250006;34.2361
1.300007;34.1375
1.350003;33.98
1.400002;33.7526
1.450004;33.6496
1.500006;33.504
1.550001;33.4252
1.600007;33.3088
1.650003;33.3675
1.700001;33.4239
1.750004;33.5904
1.800004;33.8228
1.850005;34.1011
1.9;34.381
1.950003;34.7918
2.000006;35.136
2.050002;35.4159
2.1;35.6253
2.150004;35.8069
2.200005;35.945
2.250005;36.0527
2.300002;36.0821
2.350006;36.1388
2.400006;36.2356
2.450002;36.241
2.500006;36.0663
2.550004;35.8744
2.600004;35.3957
2.650001;34.9738
2.700004;34.6158
2.750003;34.3164
2.800006;34.2185
2.850004;34.1508
2.900004;34.0343
2.950001;33.8454
3.000004;33.6166
3.050003;33.2708
3.100006;33.0483
3.150001;32.9285
3.200004;32.941
3.25;32.986
3.300003;33.0218
3.350006;33.0169
3.400002;33.0004
3.450002;32.9518
3.500005;32.9267
3.550001;32.9966
3.600001;33.1186
3.650004;33.4377
3.7;33.6302
3.750005;33.7551
3.800001;33.9741
3.850001;34.209
3.900006;34.5727
3.950006;34.8729
4.000007;35.0728
4.050005;35.388
4.1;35.8333
4.150001;36.0112
4.200004;36.3231
4.250004;36.5508
4.3;36.6801
4.350001;36.7003
4.400004;36.7088
4.450005;36.7101
4.500002;36.5733
4.550004;36.4237
4.600006;36.1463
4.650001;35.9017
4.700006;35.5015
4.750005;35.1654
4.800007;34.7608
4.850006;34.3252
4.900005;33.9198
4.950003;33.5055
5.000001;33.2964
5.050005;33.0961
5.100005;32.9179
5.150002;32.8291
5.200005;32.7439
5.250003;32.747
5.300001;32.7414
5.350006;32.7414
5.400004;32.7152
5.450003;32.6791
5.500005;32.7278
5.550005;32.8337
5.600004;32.9346
5.650002;33.0783
5.700005;33.303
5.750007;33.6554
5.800001;33.9328
5.850004;34.306
5.900001;34.7323
5.950003;35.0924
6.000001;35.3966
6.050006;35.7156
6.100002;35.8828
6.150006;36.2779
6.200004;36.4855
6.250005;36.6331
6.300001;36.8476
6.35;36.9786
6.400004;36.96
6.450007;36.8065
6.500003;36.5914
6.550004;36.0817
6.600006;35.5139
6.650007;35.1106
6.700005;34.7445
6.750003;34.3965
6.8;34.0196
6.850004;33.7663
6.900006;33.4689
6.950007;33.3609
7.000002;33.3381
7.050004;33.2989
7.100002;33.2478
7.150002;33.3074
7.200005;33.1144
7.250004;32.9125
7.300004;32.8104
7.350003;32.6123
7.400001;32.6042
7.450003;32.7274
7.500002;32.894
7.550001;33.2582
7.600003;33.6717
7.650004;34.1471
7.700007;34.4772
7.750004;34.7671
7.800007;34.8821
7.850001;34.9929
7.900003;35.0039
7.950007;35.1027
8.000006;35.2181
8.050003;35.4285
8.100005;35.6927
8.150002;36.0429
8.200003;36.3048
8.250005;36.6134
8.300002;36.5499
8.350001;36.3755
8.400005;36.3976
8.450005;36.3055
8.500007;36.1323
8.550004;35.839
8.600001;35.6816
8.650001;35.4325
8.700004;35.0143
8.750001;34.508
8.800007;34.1018
8.850002;33.653
8.900006;33.4372
8.950001;33.408
9.000005;33.3723
9.050004;33.187
9.100004;33.2849
9.150005;33.0752
9.200001;32.8321
9.250003;32.6754
9.300006;32.7438
9.350005;32.7662
9.400004;32.7883
9.450004;32.9914
9.500007;33.2198
9.550005;33.5274
9.600003;33.8883
9.650005;34.1622
9.700001;34.3445
9.750006;34.5461
9.800005;34.4323
9.85;34.4261
9.900007;34.3406
9.950005;34.5014
10.000004;34.8601
10.050005;35.3478
10.100001;35.8889
10.150002;36.3317
10.200006;36.7775
10.250007;36.8439
10.300001;36.8306
10.350001;36.8269
10.400002;36.4921
10.450003;36.1592
10.500006;35.9472
10.550001;35.7902
10.600002;35.3548
10.650005;34.9845
10.700007;34.7544
10.750002;34.5813
10.800007;34.5408
10.850001;34.4257
10.9;34.3946
10.950004;34.3269
11.000005;34.0351
11.050005;33.6497
11.100004;33.4961
11.150003;33.1946
11.200006;33.0253
11.250003;32.9133
11.300002;32.9243
11.35;32.9495
11.400003;32.9733
11.450001;33.2364
11.500001;33.4482
11.550005;33.6571
11.600003;33.8671
11.650007;34.0736
11.700006;33.9867
11.750005;33.8452
11.800003;33.7438
11.850006;33.7434
11.900005;33.8198
11.950001;34.0583
12.000005;34.5261
12.050003;35.0864
12.100003;35.5826
12.15;35.8732
12.200007;36.1872
12.250006;36.476
12.300002;36.4033
12.350003;36.4557
12.400001;36.6277
12.450006;36.462
12.500001;36.5033
12.550002;36.4698
12.600002;36.0585
12.650005;35.514
12.700002;35.1743
12.750005;34.8003
12.800002;34.5271
12.850006;34.3813
12.900005;34.1657
12.950004;33.952
13.000005;33.7968
13.050001;33.6948
13.100005;33.3999
13.150006;33.2829
13.200001;33.2051
13.250003;33.1337
13.3;32.9542
13.350005;32.8738
13.400005;33.0075
13.450007;33.1068
13.500002;33.3987
13.550004;33.6843
13.600007;33.7642
13.650006;33.8275
13.700002;33.9405
13.750005;33.8799
13.800003;33.7973
13.850005;33.9779
13.900003;34.0969
13.950002;34.515
14.000006;34.9404
14.050001;35.4515
14.100004;35.8829
14.150002;36.0856
14.200004;36.0428
14.250004;36.0904
14.300003;36.0505
14.350004;36.0296
14.400005;36.2244
14.450005;36.33
14.500006;36.4181
14.550007;36.4485
14.600002;36.2806
14.65;35.9335
14.700003;35.5533
14.750007;35.1884
14.800004;34.8176
14.850005;34.5414
14.900005;34.317
14.950007;34.0474
15.000007;33.6924
15.050003;33.4687
15.100002;33.1768
15.150006;33.146
15.200006;33.0542
15.250004;32.9165
15.300006;32.8389
15.350002;32.9227
15.400002;33.0602
15.450007;33.0421
15.500004;33.2149
15.55;33.1886
15.600001;33.1704
15.650004;33.4385
15.700007;33.4803
15.750001;33.6329
15.800002;33.7963
15.850002;33.8222
15.900001;34.2254
15.950003;34.5237
16;34.8713
16.050007;35.4401
16.100006;35.7119
16.150005;35.9105
16.200001;36.0317
16.250007;36.319
16.300005;36.4397
16.35;36.5597
16.400002;36.6502
16.450004;36.688
16.500006;36.5095
16.550005;36.1701
16.600006;35.9471
16.650002;35.6253
16.700002;35.3739
16.750003;35.1092
16.800002;34.8121
16.850007;34.4973
16.900001;34.3915
16.950002;34.294
17.000003;34.0258
17.050004;33.7811
17.100002;33.6516
17.150005;33.4403
17.200007;33.3017
17.250003;33.1771
17.300005;32.7244
17.350007;32.8587
17.400004;32.765
17.450001;32.9328
17.500004;33.1028
17.550007;33.3679
17.600006;33.4099
17.650002;33.5245
17.700003;33.7348
17.750004;33.8139
17.800007;33.6882
17.850007;33.8756
17.900005;34.2193
17.950005;34.4356
18;34.6663
18.050007;34.9037
18.100001;35.2298
18.150004;35.2673
18.200005;35.5761
18.250005;35.7786
18.300007;36.0314
18.350005;36.3849
18.400003;36.512
18.450003;36.552
18.500002;36.5749
18.550006;36.4118
18.600005;36.3956
18.650001;35.9291
18.700005;35.7033
18.750001;35.4516
18.800004;34.9602
18.850004;34.6361
18.900002;34.2582
18.950006;33.8693
19.000001;33.9241
19.050001;33.6196
19.100004;33.5605
19.150004;33.4327
19.200002;33.3924
19.250007;33.4158
19.300006;33.1513
19.35;32.987
19.400006;32.9666
19.450003;32.8651
19.500002;33.0672
19.550003;33.29
19.600001;33.3137
19.650004;33.3466
19.700002;33.6425
19.750007;33.7148
19.800006;33.8487
19.850006;33.9822
19.900004;34.0733
19.950002;34.2794
20.000005;34.6863
20.050003;34.8449
20.100002;35.0679
20.150001;35.5004
20.200007;35.7251
20.250002;35.9435
20.300005;36.0559
20.350007;36.2942
20.400006;36.2148
20.450002;36.1925
20.500004;36.2286
20.550004;36.1209
20.6;36.0459
20.650004;36.0253
20.700006;35.7631
20.750005;35.4056
20.800003;35.2801
20.85;35.0522
20.9;34.6009
20.950001;34.2226
21.000002;34.1905
21.050003;33.7828
21.100002;33.5559
21.150005;33.2427
21.200002;33.1268
21.250003;33.1311
21.300003;32.9518
21.350004;32.5593
21.4;32.8842
21.450002;33.0093
21.5;32.9794
21.550003;32.9681
21.600003;33.2066
21.650002;33.0999
21.700007;33.429
21.75;33.5622
21.800005;33.725
21.850002;34.0024
21.900002;34.0209
21.950006;34.0283
22.000004;34.375
22.050002;34.7879
22.100004;34.9597
22.150005;35.1662
22.200001;35.5915
22.250005;35.8993
22.300005;36.2201
22.35;36.3598
22.400001;36.2957
22.450002;36.3818
22.5;36.3915
22.550001;35.8736
22.600005;36.1485
22.650005;35.8752
22.700006;35.6578
22.750005;35.4034
22.800004;35.1373
22.850004;34.74
22.900004;34.4483
22.950006;34.2702
23.000003;34.1011
23.050005;34.1238
23.100003;33.711
23.150004;33.4549
23.200004;33.3611
23.250004;33.3646
23.300003;33.2155
23.350003;33.042
23.400002;32.8099
23.450003;32.9209
23.500002;32.8782
23.550005;32.7548
23.600007;33.008
23.650002;33.2236
23.700006;33.3813
23.750004;33.5188
23.800002;33.6896
23.850001;33.8308
23.900002;34.0453
23.950005;34.1009
24.000006;34.2997
24.050001;34.721
24.100002;34.9975
24.150001;35.046
24.200002;35.4199
24.250004;35.4322
24.300003;35.5674
24.350006;35.8029
24.400005;36.0068
24.450006;36.1643
24.500007;36.0919
24.550004;36.3591
24.600003;36.4415
24.650001;36.1621
24.700003;35.6181
24.750004;35.5245
24.800004;35.3964
24.850004;35.0632
24.900007;34.7125
24.950006;34.5064
25.000005;34.1361
25.050005;33.8259
25.100005;33.5712
25.150007;33.4488
25.200002;33.3468
25.250003;33.2377
25.300002;33.2176
25.350002;33.1968
25.400005;32.8036
25.450005;32.9029
25.500003;32.9701
25.550003;32.9129
25.600002;33.081
25.650001;33.0246
25.700006;32.8641
25.750006;33.3361
25.8;33.402
25.850004;33.4719
25.900004;33.7893
25.950002;34.024
26.000002;34.1246
26.050004;34.4088
26.100005;34.6349
26.150004;35.0182
26.200006;35.4195
26.25;35.5579
26.300003;36.0221
26.35;36.3638
26.400007;36.4777
26.450003;36.4367
26.500006;36.3499
26.550003;36.23
26.6;36.1291
26.65;35.8311
26.700006;35.6731
26.750001;35.3853
26.800004;35.2909
26.850006;34.9848
26.900002;34.6917
26.950006;34.4796
27.000007;34.2603
27.050007;34.0427
27.100003;33.9456
27.150002;33.5981
27.200005;33.4753
27.250002;33.3118
27.300003;33.0786
27.350001;32.9142
27.4;32.9313
27.450003;32.8906
27.500004;32.8445
27.550005;32.8723
27.600005;32.9747
27.650005;33.0653
27.700007;33.2621
27.750005;33.4021
27.800006;33.5418
27.850007;33.5847
27.900001;33.711
27.950001;34.1099
28.000002;34.216
28.050001;34.2927
28.100004;34.5199
28.150005;34.7766
28.200001;35.0105
28.250001;34.9569
28.300001;35.3794
28.350002;35.6677
28.400001;36.0462
28.450001;36.2232
28.500001;36.5811
28.550005;36.7082
28.600004;36.4885
28.65;36.3273
28.7;35.991
28.750004;35.839
28.800005;35.2612
28.850007;34.9519
28.900002;34.6039
28.950006;34.2921
29.000003;34.1964
29.050006;34.049
29.100007;33.8257
29.15;33.6708
29.200004;33.5386
29.250007;33.4731
29.300003;33.3126
29.350003;32.8798
29.400004;32.8712
29.450006;32.7477
29.500004;32.6572
29.550001;32.7286
29.600007;32.9972
29.650005;32.7888
29.700004;33.2035
29.750003;33.2087
29.800007;33.417
29.850006;33.288
29.900006;33.5282
29.950002;33.6914
30.000005;34.1058
30.050007;34.4374
30.100007;34.8227
30.150007;34.9641
30.200005;35.4421
30.250003;35.5473
30.300003;35.6067
30.350007;35.7067
30.400003;35.8798
30.450005;35.8768
30.500002;35.9101
30.550002;36.0149
30.600003;36.1248
30.650002;35.9406
30.700002;35.8439
30.750002;35.8478
30.800003;35.6129
30.850003;35.3414
30.900001;35.1136
30.950004;34.8824
31.000002;34.6978
31.050001;34.3397
31.100003;33.9935
31.150002;33.4259
31.200001;33.3854
31.25;33.3419
31.300004;33.0775
31.350003;33.0223
31.400004;32.82
31.450005;32.8885
31.5;33.0668
31.55;32.8714
31.600005;32.7393
31.650002;33.12
31.7;32.9257
31.750006;32.9383
31.800002;32.9921
31.850005;33.3952
31.900002;33.7626
31.950005;33.6318
32.000005;33.9214
32.050004;34.3424
32.100007;34.4765
32.150004;34.8113
32.200005;35.0562
32.250006;35.2115
32.300001;35.3595
32.350006;35.717
32.400007;35.917
32.450004;36.0335
32.500001;35.9048
32.550002;35.8252
32.600003;35.8746
32.650005;35.7062
32.700005;35.6195
32.750006;35.5951
32.800005;35.6602
32.850006;35.669
32.900001;35.3415
32.950006;35.0193
33.000001;34.5976
33.050002;34.2206
33.100001;33.8141
33.150007;33.4176
33.200005;33.2817
33.250002;33.4135
33.300004;33.2299
33.35;33.2865
33.400001;33.5253
33.450003;33.3812
33.5;33.1021
33.550005;32.9684
33.600004;32.8175
33.650001;32.452
33.700003;32.6557
33.750005;32.8332
33.800002;33.0142
33.850003;32.919
33.900006;33.2564
33.950004;33.5623
34.000001;33.8752
34.050002;34.2049
34.100001;34.3196
34.150002;34.3898
34.200002;34.8792
34.250003;35.0956
34.300002;35.3673
34.350001;35.6854
34.400004;35.8469
34.450002;35.9632
34.500001;36.2844
34.550007;36.361
34.600002;36.5487
34.650006;36.382
34.700002;36.1988
34.750005;35.9629
34.800004;35.6145
34.850001;35.035
34.900006;34.7797
34.950003;34.5934
35.000003;34.3793
35.050001;34.1621
35.100004;33.9857
35.150007;33.8582
35.200002;33.8161
35.250001;33.8066
35.300001;33.485
35.350007;33.4539
35.400004;33.1328
35.450002;32.8612
35.500003;32.7636
35.550007;32.582
35.600006;32.6609
35.650002;32.7724
35.700003;32.77
35.750002;32.9122
35.800005;33.2019
35.850007;33.4908
35.900001;33.5873
35.950005;33.9155
36.000001;33.9713
36.050007;34.1658
36.100005;34.3659
36.150003;34.4168
36.200006;34.0801
36.250004;34.7393
36.300004;34.84
36.350003;34.9589
36.400002;35.4802
36.450001;35.7573
36.500004;36.0427
36.550004;36.2637
36.600005;36.3608
36.650007;36.1977
36.7;36.0495
36.750006;35.941
36.800005;35.6682
36.850004;35.4626
36.9;35.1006
36.950005;34.4996
37.000005;34.6066
37.050005;34.509
37.100007;34.2636
37.150006;34.0526
37.200001;33.5062
37.250003;33.5048
37.3;33.3366
37.350004;33.1862
37.400003;32.9987
37.450005;32.8482
37.500006;32.7246
37.550007;32.7728
37.600005;32.7197
37.650004;32.7487
37.700001;33.0426
37.750003;33.0119
37.800004;33.0675
37.850003;32.9286
37.900006;33.1132
37.950004;33.2602
38.000005;33.552
38.050003;33.8665
38.100001;33.8105
38.150007;34.2147
38.200002;34.6379
38.250006;34.9114
38.300002;35.4448
38.350001;35.7237
38.400002;35.6875
38.450001;35.9187
38.500005;36.2045
38.550007;36.1239
38.600002;35.9838
38.650007;36.0091
38.700006;35.7404
38.750003;35.6161
38.800003;35.6892
38.85;35.4607
38.900005;35.3666
38.950001;35.0659
39.000007;34.8777
39.050001;34.7429
39.100003;34.2533
39.150003;33.928
39.200002;33.8125
39.250006;33.4757
39.300002;33.23
39.350003;33.008
39.4;32.8304
39.450002;32.8263
39.500006;32.6954
39.550003;32.676
39.6;32.7047
39.650002;32.5698
39.7;32.8935
39.750004;32.8491
39.800003;32.7222
39.850006;32.8806
39.900003;33.0897
39.950003;33.1876
40.000005;33.3068
40.050001;33.8107
40.100007;34.0258
40.150003;34.3719
40.200004;34.321
40.250003;34.8358
40.300002;35.123
40.350005;35.357
40.400004;35.5815
40.450003;35.5443
40.500007;35.8112
40.550005;35.662
40.600002;35.6046
40.650001;35.6307
40.700005;35.6187
40.750006;35.661
40.800002;35.5443
40.850003;35.5122
40.900002;35.3023
40.950005;35.1716
41.000002;35.1441
41.050006;34.7572
41.100007;34.3921
41.150002;34.0398
41.200003;33.7011
41.250007;33.4198
41.300007;33.2513
41.350006;33.0842
41.400002;33.1391
41.450003;33.1115
41.5;33.2325
41.550007;33.1051
41.600001;33.1101
41.650004;33.1197
41.700005;33.0338
41.750006;32.8138
41.800005;32.8996
41.850004;32.7921
41.900004;32.9588
41.950007;33.3089
42.000002;33.3999
42.050001;33.6721
42.100002;33.8353
42.150002;33.756
42.200002;33.9998
42.250005;34.2426
42.300003;34.4706
42.350005;35.0135
42.400003;35.2216
42.450007;35.524
42.500003;36.0267
42.550002;36.0091
42.600003;36.2196
42.650003;36.4879
42.700002;36.3229
42.750007;36.2001
42.8;35.8027
42.850007;35.4063
42.900001;35.3628
42.950003;34.9787
43.000003;34.5642
43.050001;34.3288
43.100005;34.1112
43.150003;34.0831
43.200001;33.9171
43.250006;33.4351
43.300004;33.3353
43.350002;33.072
43.400005;33.1816
43.45;32.8417
43.500005;32.7397
43.550002;32.539
43.600006;32.3253
43.650005;32.4336
43.700002;32.5472
43.750004;32.7294
43.8;32.7105
43.850006;32.6807
43.900002;32.7555
43.95;33.1011
44.000004;32.9792
44.050005;33.6374
44.100005;33.9229
44.150002;34.0262
44.200002;34.471
44.250004;34.8526
44.300005;35.0174
44.350003;35.0424
44.400004;35.0387
44.450003;34.8663
44.500002;35.4221
44.550001;35.6336
44.600002;35.8519
44.650007;35.9518
44.700005;36.069
44.750005;35.9618
44.800001;35.7512
44.850001;35.7513
44.900002;35.2968
44.950003;35.2759
45.000001;34.9087
45.050004;34.6589
45.100002;34.3947
45.150002;34.1
45.200006;33.7951
45.250001;33.5991
45.300005;33.1213
45.350003;33.2219
45.400001;33.1082
45.45;32.904
45.500006;32.8276
45.550004;32.8292
45.6;32.7402
45.650005;32.818
45.700007;32.8086
45.750002;32.8614
45.800006;32.9451
45.850002;33.0899
45.900003;33.2352
45.950002;33.0824
46.000005;33.1289
46.050006;33.3143
46.100002;33.6479
46.150006;33.8925
46.200002;34.0166
46.250002;34.1647
46.300006;34.5325
46.350007;34.6517
46.400003;34.4659
46.450003;35.0945
46.500003;35.8721
46.550005;35.9119
46.600001;35.8064
46.650005;35.8616
46.700005;35.9323
46.750006;35.9935
46.800006;36.1398
46.850007;35.9221
46.900007;35.8272
46.950005;35.5964
47.000005;35.2185
47.050004;34.5789
47.100005;34.5257
47.150005;34.3012
47.200003;33.9194
47.250007;33.7581
47.300001;33.3883
47.350005;33.114
47.400007;32.8848
47.450003;33.0983
47.500006;32.8981
47.550007;32.8374
47.600003;32.8075
47.650005;32.6382
47.7;32.5276
47.750001;32.5159
47.800005;32.3794
47.850006;32.39
47.900007;32.4494
47.950006;32.8784
48.000001;33.3218
48.050001;33.3681
48.100001;33.4232
48.150006;33.7962
48.200003;33.9468
48.250004;34.0832
48.300007;34.5333
48.350006;34.5134
48.400007;34.9919
48.450001;35.2724
48.500001;35.4223
48.550005;35.4747
48.600006;35.7195
48.650004;35.807
48.700005;35.9567
48.750007;35.9389
48.800003;35.7502
48.850005;35.5621
48.900001;35.4578
48.950006;35.2646
49.000001;35.0721
49.050002;35.0534
49.100004;34.6045
49.150005;34.4377
49.2;33.6509
49.250005;33.5708
49.3;33.3277
49.350001;33.1915
49.400002;33.0928
49.450003;33.1533
49.500006;32.9025
49.550001;32.7866
49.600005;33.0162
49.650001;32.8977
49.700005;32.8349
49.750002;32.7481
49.800001;32.8104
49.850003;32.7382
49.900001;33.0363
49.950005;33.2509
50;33.4062
50.050002;33.4546
50.100006;33.7751
50.150005;33.5559
50.200005;33.66
50.250004;34.0031
50.300002;34.3107
50.350007;34.5456
50.400006;34.7519
50.450005;34.8573
50.500001;35.2595
50.550007;35.3222
50.600002;35.5298
50.650001;35.7636
50.700006;35.9705
50.750003;35.9598
50.800003;35.8391
50.850004;35.6583
50.900006;35.6616
50.950002;35.3586
51.000004;35.816
51.050002;35.2714
51.100005;34.7549
51.150002;34.5865
51.2;34.4614
51.250003;33.9443
51.300002;33.5854
51.350006;33.2337
51.400002;32.9693
51.450005;32.9478
51.500001;32.8202
51.55;32.7571
51.600006;32.7207
51.650003;32.6785
51.700003;32.4526
51.750006;32.5225
51.800006;32.2758
51.850006;32.524
51.900004;32.6688
51.950004;32.7786
52.000001;32.9125
52.05;33.2575
52.100001;33.4888
52.150006;33.833
52.200004;33.7457
52.25;34.0161
52.300002;34.7793
52.350002;34.9725
52.400006;35.1076
52.450004;35.3745
52.500003;35.4271
52.55;35.4858
52.600006;35.7745
52.650007;35.7948
52.700007;35.6903
52.750007;35.7357
52.800005;35.4826
52.850003;35.611
52.900001;35.3517
52.950005;35.3203
53.000004;35.22
53.050003;35.1654
53.100006;34.8767
53.150006;34.6455
53.200006;34.2937
53.250004;33.9278
53.300004;33.7506
53.350002;33.4497
53.400007;33.2907
53.45;33.1331
53.500006;33.1096
53.550001;32.8361
53.6;32.8424
53.650003;32.7924
53.700005;32.5413
53.750007;32.5984
53.800003;32.4591
53.850002;32.5977
53.900004;32.7285
53.950007;32.7645
54.000001;32.9197
54.050003;32.9913
54.100001;33.4487
54.150007;33.6475
54.200004;33.4357
54.250002;33.8193
54.300001;34.2013
54.350007;34.0894
54.400007;34.2645
54.450003;34.6554
54.500006;35.0163
54.55;35.3982
54.600002;35.7402
54.650002;35.9415
54.700006;36.038
54.750007;36.1438
54.800003;36.0533
54.850006;36.2165
54.900002;35.7866
54.950005;35.3693
55.000004;34.67
55.050006;34.8092
55.100002;34.7957
55.15;34.4182
55.200004;33.9795
55.250005;33.8401
55.300005;33.6046
55.350005;33.7031
55.400006;33.5867
55.450007;33.2704
55.500002;33.0951
55.550002;33.0935
55.600005;32.7384
55.650001;32.7102
55.700003;32.7935
55.750005;32.5498
55.800004;32.3502
55.850003;32.6267
55.900001;32.6993
55.950001;32.8591
56.000004;32.7541
56.050002;32.9165
56.100005;33.3261
56.150005;33.3165
56.200005;33.5886
56.250004;33.8961
56.300006;33.9877
56.350006;34.2209
56.400002;34.2562
56.450007;34.7388
56.500002;34.7688
56.550004;35.0518
56.600001;35.2141
56.650007;35.6246
56.700001;35.9215
56.750001;36.0581
56.800005;36.1925
56.850002;36.0441
56.900003;36.1158
56.950006;35.6749
57.000004;35.3653
57.050001;34.9647
57.100004;35.0382
57.150001;34.5221
57.200006;34.1899
57.250005;33.9468
57.300006;33.5894
57.350001;33.5422
57.400004;33.2996
57.45;33.1367
57.500007;32.8239
57.550002;32.6449
57.600004;32.6795
57.650001;32.7313
57.700006;32.553
57.750001;32.4609
57.800002;32.6027
57.850002;32.7851
57.900007;32.8467
57.950002;32.7523
58.000001;32.9715
58.050006;32.9175
58.100004;32.9429
58.150005;32.996
58.200001;33.3812
58.250006;33.6951
58.300002;33.9013
58.350002;34.1664
58.400006;34.6294
58.450003;35.003
58.500004;35.123
58.550007;35.3997
58.600006;35.4027
58.650004;35.4281
58.700005;35.3258
58.750007;35.7468
58.800004;35.7428
58.850004;35.73
58.900001;35.6268
58.950003;35.6076
59.000003;35.6106
59.050007;35.6126
59.100001;35.4625
59.150003;35.0767
59.200002;34.4921
59.250004;34.2169
59.300006;33.8608
59.350004;33.5623
59.400005;33.2103
59.450004;32.9869
59.500005;32.86
59.550007;32.5008
59.600001;32.7875
59.650005;32.6559
59.700002;32.6989
59.750001;32.5915
59.8;32.7101
59.850006;32.5296
59.9;32.5883
59.950007;32.6299
60.000007;32.6785
60.050004;32.9973
60.100006;32.8956
60.150004;33.142
60.200007;33.441
60.250003;33.4325
60.300002;33.5911
60.350001;34.1694
60.400003;34.4273
60.450002;34.5517
60.500002;34.8108
60.550005;35.02
60.600007;35.228
60.650005;35.4706
60.700007;35.6555
60.750001;35.8593
60.800004;35.8208
60.850003;35.7826
60.900001;35.6752
60.950007;35.3438
61.000007;35.3445
61.050002;35.1977
61.100004;34.9975
61.150002;34.5195
61.200005;34.5301
61.250007;34.3729
61.300004;34.0714
61.350004;33.9866
61.400004;33.5541
61.450006;33.3817
61.500005;33.1838
61.55;32.8858
61.600002;32.8566
61.650002;32.776
61.700002;32.7113
61.750006;32.7071
61.800004;32.6544
61.850002;32.39
61.900002;32.3644
61.950002;32.4915
62.000002;32.6667
62.050004;32.4941
62.100006;32.6715
62.150001;32.872
62.2;33.2269
62.250003;33.5718
62.300004;33.7495
62.350005;34.0209
62.400006;34.0641
62.450003;34.3631
62.500003;34.4066
62.55;34.9951
62.600002;35.4052
62.650002;35.5517
62.700005;36.028
62.75;35.9304
62.8;35.9318
62.850004;35.9422
62.900006;35.9011
62.950001;35.7264
63.000001;35.3929
63.050002;35.3436
63.100006;34.909
63.150002;34.7679
63.200007;34.4058
63.250002;34.031
63.300002;34.0287
63.350001;33.8419
63.400004;33.5588
63.450005;33.4753
63.500005;33.3774
63.550002;33.1594
63.600001;32.8523
63.650005;32.6324
63.700005;32.5402
63.750006;32.5774
63.800004;32.5118
63.850007;32.621
63.900003;32.7638
63.950005;32.5275
64.000006;32.6615
64.050006;32.7364
64.100006;32.8711
64.15;32.9948
64.2;33.1051
64.250004;33.2567
64.300004;33.5461
64.350001;33.7944
64.400002;34.1555
64.450005;34.2661
64.500004;34.458
64.550002;34.7068
64.600003;35.1061
64.650002;35.3661
64.700006;35.3157
64.750002;35.6902
64.800002;35.8849
64.850006;35.8581
64.900002;35.9038
64.950002;35.8614
65.000005;35.6673
65.050001;35.6096
65.100006;35.1613
65.150005;34.9287
65.200003;34.5284
65.250006;34.1403
65.300006;33.6387
65.350006;33.2439
65.400002;33.3849
65.450002;33.4455
65.500006;33.0677
65.550001;33.0373
65.600002;33.0572
65.65;32.8404
65.700001;32.7302
65.750002;32.571
65.800001;32.5522
65.850003;32.8357
65.900004;32.6589
65.950001;32.6847
66.000002;32.7804
66.050001;32.9556
66.100006;32.768
66.150003;32.8806
66.200004;33.1154
66.250004;33.3768
66.300004;33.8715
66.350007;33.7545
66.400001;33.9036
66.450004;34.251
66.500006;34.2583
66.550006;34.5063
66.600004;34.6271
66.650005;34.9296
66.700007;34.6077
66.750001;35.4652
66.800001;35.5359
66.850002;35.7512
66.900004;35.7987
66.950005;36.0205
67.000006;35.9144
67.050003;35.6443
67.100005;35.7031
67.150003;35.3101
67.200001;34.806
67.250001;34.4642
67.300002;33.9544
67.350007;33.6574
67.400006;33.6354
67.450003;33.28
67.500005;33.0881
67.550007;33.002
67.600006;32.9074
67.650003;32.7003
67.700002;32.4625
67.750004;32.438
67.800003;32.1483
67.850002;32.1827
67.900006;32.3659
67.950002;32.5721
68.000001;32.696
68.050002;32.6322
68.100007;32.9708
68.150006;33.0443
68.200003;33.2104
68.250005;33.2487
68.300005;33.5015
68.350006;33.5242
68.400006;33.8636
68.450003;34.1886
68.500004;34.4113
68.550005;34.4692
68.600007;34.7234
68.650002;35.2833
68.700001;35.3411
68.750002;35.33
68.800007;35.9523
68.850007;36.0555
68.900001;35.6766
68.950001;35.9069
69.000003;35.7941
69.050004;35.5667
69.100004;35.3948
69.150007;35.318
69.200001;34.8449
69.250006;34.4449
69.300004;34.1231
69.350003;33.9256
69.400007;33.8257
69.450003;33.5888
69.500006;33.4034
69.550003;32.8308
69.600007;32.669
69.650004;32.7009
69.700002;32.7022
69.750006;32.6489
69.800002;32.4455
69.850006;32.3699
69.900004;32.4594
69.950003;32.5213
70.000003;32.1066
70.050007;32.3121
70.100003;32.5753
70.150001;32.7919
70.2;33.1265
70.250007;33.2963
70.300004;33.4604
70.350003;33.4559
70.400003;33.4819
70.450006;33.6569
70.500006;34.2198
70.550004;34.5562
70.600001;34.45
70.650001;34.9717
70.700006;35.3382
70.750007;35.4826
70.800003;35.8411
70.850001;35.7569
70.900003;35.7308
70.950001;35.6229
71.000004;35.5448
71.050005;35.2576
71.100001;35.2902
71.150005;35.1149
71.2;35.0238
71.250001;34.7584
71.300001;34.5207
71.350004;34.2557
71.400005;34.0144
71.450005;33.6187
71.5;33.3074
71.550003;33.2377
71.600007;32.8255
71.650004;32.6079
71.700003;32.2835
71.750006;32.4861
71.800001;32.4206
71.850006;32.4823
71.900007;32.5931
71.950003;32.7508
72.000005;32.6755
72.050007;32.5908
72.100005;32.5769
72.150003;32.5698
72.200002;33.1635
72.250004;32.9644
72.300003;33.2708
72.350005;33.5107
72.4;33.6961
72.450003;33.636
72.500007;33.8366
72.550007;34.2375
72.600001;34.5182
72.650002;34.9396
72.700001;35.3595
72.750005;35.63
72.8;35.7445
72.850002;35.7452
72.900002;35.8375
72.950005;36.0092
73.000006;35.7813
73.050003;35.6985
73.100001;35.5459
73.150003;35.1073
73.200001;34.8845
73.250001;34.6443
73.300006;34.1807
73.350002;33.9156
73.400003;33.6845
73.450006;33.7579
73.500005;33.2247
73.550002;33.3101
73.600002;33.2079
73.650004;33.0235
73.700005;32.8459
73.75;32.6824
73.800004;32.4626
73.850005;32.4339
73.900005;32.4386
73.950004;32.441
74.000001;32.6001
74.050001;32.688
74.100005;32.8639
74.150003;32.7244
74.200004;32.7927
74.250006;32.9289
74.300003;33.0067
74.35;33.3475
74.400007;33.4029
74.450003;33.5533
74.500002;33.797
74.550002;34.2792
74.600001;34.4731
74.650002;34.6305
74.700004;34.8632
74.750007;35.3019
74.800006;35.5431
74.850001;35.4936
74.900002;35.8225
74.950001;35.6443
75;35.5156
75.050006;35.681
75.100005;35.5629
75.150006;35.3375
75.200005;35.0318
75.25;34.6613
75.300003;34.6797
75.350005;34.2742
75.400003;33.8447
75.450002;33.6601
75.500006;33.3367
75.55;32.9135
75.600001;32.8411
75.650004;32.7689
75.700002;32.7397
75.750002;32.669
75.800001;32.6473
75.850006;32.7808
75.900005;32.6153
75.950006;32.6714
76.000005;32.5508
76.050001;32.5573
76.100005;32.5217
76.150007;32.5146
76.200002;32.6562
76.250007;32.6005
76.300001;33.0501
76.350006;33.1652
76.400001;33.2073
76.450005;33.4781
76.500002;33.6364
76.550005;34.057
76.600002;34.268
76.650003;34.7222
76.700002;34.9011
76.750001;35.3442
76.800002;35.5518
76.850004;35.5059
76.900007;35.6808
76.950005;35.921
77.000003;35.8793
77.050005;35.8204
77.100001;35.3962
77.150006;35.4579
77.200002;35.1449
77.250007;34.9826
77.300006;34.6229
77.350006;34.4156
77.400007;34.2065
77.450006;33.9305
77.500007;33.2866
77.550002;32.9325
77.600005;32.7105
77.65;32.6482
77.700004;32.7972
77.750006;32.8471
77.800002;32.5517
77.850006;32.3802
77.900005;32.2368
77.950004;32.3836
78.000003;32.4585
78.050007;32.5587
78.100001;32.6104
78.150006;32.6612
78.200005;32.8397
78.250006;32.9541
78.300001;33.1662
78.350006;33.2291
78.4;33.285
78.450003;33.3416
78.500002;33.7749
78.550003;34.083
78.600006;34.2409
78.650003;34.4613
78.7;34.7719
78.750002;35.1595
78.800006;35.4038
78.850005;35.5233
78.900002;35.5369
78.950002;35.7234
79.000003;35.8385
79.050005;35.9176
79.100002;35.5862
79.150001;35.5398
79.200003;35.2599
79.250004;34.6882
79.300006;34.347
79.350001;34.2712
79.400006;34.0295
79.450005;33.6549
79.500004;33.5222
79.550002;33.2476
79.600001;32.915
79.650001;32.8541
79.700005;32.8942
79.750002;32.4766
79.800002;32.3775
79.850006;32.506
79.900004;32.3355
79.950005;32.6375
80.000001;32.6466
80.050004;32.7102
80.100007;32.6427
80.150001;32.5947
80.200002;32.6775
80.250006;32.7609
80.300002;32.986
80.350007;33.1047
80.400007;33.0371
80.450005;33.3165
80.500002;33.469
80.550004;33.8301
80.600007;33.8587
80.650006;34.3252
80.700002;34.6526
80.750002;34.9531
80.800007;35.165
80.850004;35.4887
80.900007;35.8652
80.950005;35.83
81.000004;35.9228
81.050001;35.8494
81.100005;35.804
81.150007;35.4177
81.200004;35.0422
81.250002;34.9034
81.300002;34.8366
81.350002;34.5458
81.400005;34.1939
81.450006;33.9202
81.500006;33.6361
81.550003;33.3776
81.600002;33.2043
81.650002;32.8362
81.700006;32.6992
81.750001;32.5355
81.800001;32.3798
81.850003;32.4093
81.900004;32.3995
81.950003;32.449
82.000003;32.3718
82.050005;32.6786
82.100006;32.5151
82.150006;32.6325
82.200004;32.6219
82.250004;32.602
82.300001;32.7314
82.350006;33.2042
82.400001;33.3584
82.450001;33.5685
82.5;33.8967
82.550005;33.8767
82.600005;34.1651
82.650005;34.4977
82.700006;34.698
82.750001;35.0255
82.800007;35.3245
82.850004;35.1529
82.900006;35.132
82.950003;35.4635
83.000004;35.4904
83.050004;35.5797
83.100004;35.521
83.150003;35.5503
83.200002;35.4238
83.250004;35.244
83.300004;34.9977
83.350002;34.7653
83.400003;34.3079
83.45;33.8113
83.500001;33.8112
83.550001;33.6291
83.600006;33.1412
83.650004;33.022
83.700004;32.7966
83.750007;32.5634
83.800005;32.6179
83.850005;32.5466
83.900003;32.4853
83.950001;32.6084
84.000007;32.5469
84.050001;32.4157
84.100005;32.5897
84.150006;32.5588
84.2;32.3538
84.250007;32.5328
84.300005;32.6878
84.350002;32.7369
84.400003;33.0266
84.450005;33.017
84.500004;33.5735
84.550003;33.6931
84.6;33.9157
84.650007;34.2759
84.700004;34.3872
84.75;34.7638
84.800002;35.0053
84.850002;35.2519
84.900002;35.3081
84.950006;35.3314
85.000004;35.5642
85.050007;35.8764
85.100006;35.9309
85.150003;35.655
85.200004;35.4906
85.250001;35.3454
85.300004;35.1262
85.350003;34.6253
85.400005;34.1186
85.450001;33.8574
85.500007;33.7299
85.550006;33.3772
85.600006;33.2689
85.650003;33.2491
85.700006;32.9194
85.750003;33.106
85.800003;32.7538
85.850005;32.8623
85.900007;32.5223
85.950004;32.3689
86.000003;32.4971
86.050001;32.5091
86.100003;32.3155
86.150001;32.0893
86.200004;32.2567
86.250004;32.462
86.300001;32.6061
86.350003;32.8124
86.400001;33.2258
86.45;33.4236
86.500002;33.5149
86.550003;33.7176
86.600002;33.9438
86.650001;34.3176
86.700007;34.465
86.75;34.8136
86.800005;35.0077
86.850006;35.0173
86.900002;34.9404
86.950002;35.3059
87.000001;35.5924
87.050006;35.632
87.100002;35.6246
87.150004;35.6778
87.200003;35.4084
87.250007;35.1281
87.300003;34.9599
87.350004;34.807
87.400002;34.3609
87.450002;34.1446
87.500002;34.1084
87.550006;33.7955
87.600006;33.3752
87.650002;33.1897
87.700006;33.0146
87.750003;32.7788
87.800002;32.6035
87.850004;32.5657
87.9;32.4614
87.950007;32.5135
88.000006;32.3824
88.050002;32.5103
88.100002;32.616
88.150004;32.6063
88.200001;32.4843
88.250004;32.661
88.300002;32.6786
88.350006;32.7786
88.400002;32.9511
88.450005;33.1668
88.500001;33.1983
88.550002;33.4771
88.600002;33.8353
88.650003;33.9699
88.700001;34.0928
88.750001;34.5173
88.800004;34.8244
88.850005;35.2225
88.900006;35.2061
88.950004;35.749
89.000003;35.9155
89.050004;35.7997
89.1;35.7839
89.150003;35.7998
89.200007;35.6307
89.250006;35.4962
89.300003;35.2561
89.350004;35.0078
89.400001;34.5628
89.450007;34.0737
89.500002;33.8345
89.550002;33.5737
89.600003;33.0168
89.650002;33.2309
89.700006;33.0951
89.750004;32.7932
89.800004;32.9137
89.850004;32.7684
89.900007;32.8115
89.950006;32.6932
90.000003;32.3749
90.05;32.4302
90.100007;32.3489
90.150004;32.5005
90.200003;32.5397
90.250005;32.5441
90.300003;32.4187
90.350002;32.7123
90.4;32.1381
90.45;32.6947
90.500002;33.0208
90.550006;33.2792
90.600001;33.6171
90.650007;33.6984
90.700004;33.9471
90.750002;34.2714
90.800005;34.834
90.850004;35.1879
90.900005;35.4263
90.950002;35.9209
91.000001;35.881
91.050005;35.6201
91.100002;35.8475
91.150003;35.7195
91.200001;35.6975
91.25;35.404
91.300004;35.0138
91.350007;34.9221
91.400001;34.6909
91.450004;34.52
91.500005;34.1846
91.550002;33.7293
91.600001;33.5938
91.650002;32.9512
91.700002;32.8555
91.750007;32.8009
91.800005;32.6788
91.850005;32.5672
91.900005;32.3645
91.950003;32.227
92.000005;32.4187
92.050007;32.3951
92.100003;32.4078
92.150002;32.7662
92.200006;32.6127
92.25;32.751
92.300001;32.5535
92.350005;32.9543
92.400002;32.9922
92.45;33.1054
92.500006;33.1802
92.550005;33.1544
92.600001;33.5586
92.650005;33.7261
92.700002;33.914
92.750002;34.3075
92.800006;34.4053
92.85;34.6866
92.900002;35.0664
92.950004;35.3633
93.000003;35.582
93.050007;35.8087
93.100004;35.8261
93.150005;35.8528
93.200004;36.0495
93.250001;35.859
93.300002;35.3262
93.350006;35.0667
93.400006;34.8759
93.450003;34.4694
93.500006;34.1454
93.550001;33.8811
93.600003;33.3754
93.650004;33.1595
93.700005;32.9253
93.75;32.8348
93.800004;32.8844
93.850006;32.6525
93.900005;32.572
93.950003;32.4776
94;32.614
94.05;32.5426
94.100003;32.6255
94.150005;32.4758
94.2;32.5259
94.250006;32.7162
94.300005;32.7269
94.350002;32.7388
94.400005;32.7011
94.45;32.904
94.500001;32.9409
94.550004;33.2363
94.600001;33.4553
94.650005;33.8717
94.7;34.0793
94.750002;34.4558
94.800002;34.6537
94.850002;35.0895
94.900003;35.1772
94.950001;35.5742
95.000006;35.3811
95.050003;35.7766
95.1;35.6182
95.150004;35.5531
95.2;35.6965
95.250007;35.6087
95.300005;35.4723
95.350006;34.9992
95.400005;34.9233
95.450004;34.6
95.500003;34.5878
95.550002;34.1533
95.600005;33.6355
95.65;33.3857
95.700004;32.9717
95.750005;32.9184
95.800005;32.7213
95.850005;32.0652
95.9;32.3202
95.950005;32.2126
96.000002;32.4575
96.050006;32.5316
96.100006;32.4301
96.15;32.6391
96.200001;32.2979
96.250003;32.5796
96.300002;32.7322
96.350003;32.5211
96.400005;33.0321
96.450003;33.2474
96.500005;33.1246
96.550004;33.1697
96.600005;33.4184
96.650007;33.6721
96.700005;33.6736
96.750004;33.7621
96.800003;34.1977
96.850007;34.6506
96.900006;34.8007
96.950003;35.0874
97.000001;35.2232
97.050002;35.3514
97.100007;35.7252
97.150006;35.7943
97.200001;35.7682
97.250002;35.7616
97.300004;35.47
97.350002;35.0698
97.400001;34.8607
97.450007;34.8956
97.500002;34.49
97.550004;34.223
97.600002;34.0088
97.650001;33.7181
97.700002;32.9928
97.750002;32.976
97.800004;32.8592
97.850007;32.817
97.900002;32.5982
97.950003;32.2994
98.000002;32.5963
98.050003;32.3948
98.100007;32.4749
98.150002;32.6878
98.200007;32.5676
98.250003;32.3163
98.300006;32.487
98.350006;32.3151
98.400004;32.4588
98.450007;32.6665
98.500001;32.6424
98.550005;33.0144
98.600005;33.3318
98.650003;33.4044
98.700002;33.9527
98.750002;34.2429
98.8;34.3139
98.850001;34.5494
98.900007;34.8039
98.950007;35.1411
99.000006;35.1469
99.050004;35.4114
99.100001;35.7214
99.150005;35.6459
99.200006;35.7399
99.250005;35.6021
99.3;35.295
99.350004;35.193
99.400002;35.1658
99.450004;34.6763
99.500001;34.6436
99.550001;34.4536
99.600004;33.9241
99.650002;33.4704
99.700003;33.3282
99.750003;33.257
99.8;33.2111
99.85;32.8607
99.900002;32.7967
99.950001;32.5967
100.000005;32.4888
100.050004;32.4686
100.100004;32.3684
100.150006;32.4006
100.200006;32.2079
100.250007;32.4987
100.300002;32.6292
100.350007;32.6367
100.400004;32.6659
100.450003;32.7063
100.500006;33.0662
100.550005;33.1377
100.600001;33.1937
100.650004;33.4343
100.700003;33.5654
100.750007;33.6244
100.800002;33.9682
100.850002;34.4127
100.900001;34.6986
100.950004;34.9579
101.000003;35.1042
101.05;35.3341
101.100003;35.5737
101.150002;35.8401
101.200003;35.9455
101.250002;35.9635
101.300006;35.8002
101.350006;35.6056
101.400005;35.4959
101.45;34.9099
101.500001;34.2602
101.550002;34.3188
101.600006;34.0691
101.650001;33.516
101.700007;33.2694
101.750001;33.214
101.800007;32.9792
101.850001;32.5552
101.900002;32.6739
101.950001;32.7653
102.000002;32.8214
102.050005;32.4268
102.100002;32.335
102.150007;32.3922
102.200005;32.4184
102.250004;32.2655
102.300003;32.3395
102.350004;32.4129
102.400007;32.4799
102.450002;32.7029
102.500007;33.0096
102.550004;32.9516
102.600003;33.139
102.650007;33.4571
102.700002;33.7542
102.750001;33.8617
102.8;34.1658
102.850007;34.4942
102.9;34.6394
102.950001;35.037
103.000006;35.1136
103.050007;35.3468
103.100006;35.6555
103.150003;35.6778
103.200004;35.718
103.250003;35.4866
103.300003;35.5741
103.350001;35.2101
103.400007;35.2107
103.450005;34.846
103.500005;34.6548
103.550003;34.4406
103.600002;34.0521
103.650001;33.6694
103.700003;33.4675
103.750001;33.5903
103.800006;33.2712
103.850003;32.9172
103.900006;32.3135
103.950001;32.6066
104.000006;32.5287
104.050004;32.3905
104.100007;32.3893
104.150005;32.3243
104.200004;32.3914
104.250004;32.4342
104.300002;32.5479
104.350006;32.4946
104.400004;32.5679
104.450003;32.83
104.500007;32.8976
104.550001;32.9295
104.600005;32.7114
104.650004;33.083
104.700001;33.4316
104.75;33.8301
104.800006;33.9395
104.85;34.0736
104.900002;34.537
104.950006;34.7122
105;35.2781
105.050007;35.2578
105.100002;35.5118
105.150005;35.2693
105.200001;35.6257
105.250005;35.5816
105.300003;35.3082
105.350006;35.2504
105.4;35.1764
105.450006;34.9383
105.500005;34.8378
105.550002;34.4681
105.600002;34.2535
105.650006;33.9306
105.700003;33.8249
105.75;33.4671
105.800003;33.2155
105.850003;32.8972
105.900006;32.6658
105.950004;32.4345
106.000004;32.6177
106.050004;32.4964
106.100001;32.4151
106.150007;32.4205
106.200006;32.368
106.250001;32.5476
106.3;32.4344
106.350002;32.5042
106.400001;32.6239
106.450005;32.6331
106.500005;32.7849
106.550001;32.9537
106.600004;33.1297
106.650004;33.3635
106.700004;33.1861
106.750007;33.618
106.800004;33.6948
106.850004;33.951
106.900001;34.5297
106.950007;34.5075
107.000001;34.8324
107.050002;34.8943
107.100005;35.4461
107.150007;35.5814
107.200003;35.692
107.25;35.8722
107.300001;35.7521
107.350004;35.4916
107.400005;35.5146
107.450003;35.316
107.500007;34.8731
107.550001;34.5059
107.600006;34.1805
107.650004;33.8938
107.700007;33.5626
107.750004;33.2751
107.800001;33.0461
107.850004;32.8552
107.900004;32.681
107.950001;32.574
108.000004;32.6708
108.050001;32.465
108.100003;32.497
108.150002;32.1909
108.2;32.4362
108.250002;32.5661
108.3;32.5107
108.350004;32.5899
108.4;32.4784
108.450005;32.4956
108.500006;32.6438
108.550005;32.7187
108.600002;32.7564
108.650005;33.204
108.700005;33.3656
108.750007;33.5688
108.800001;33.8479
108.850005;34.072
108.900005;34.3287
108.950003;34.5991
109.000003;34.8735
109.050004;35.2115
109.100001;35.3163
109.150006;35.103
109.200003;35.5598
109.250007;35.7553
109.300003;35.4116
109.350005;35.4752
109.400003;35.3393
109.450002;35.2716
109.500001;34.8435
109.550002;34.6467
109.600003;34.4788
109.650005;34.1423
109.700002;33.9291
109.750006;33.3764
109.800007;33.0614
109.850007;33.1694
109.900004;32.9843
109.950006;32.6274
110.000006;32.5028
110.050005;32.3819
110.100001;32.4758
110.150004;32.2509
110.200002;32.2962
110.250005;32.3881
110.300001;32.5402
110.350002;32.5555
110.400007;32.5384
110.450001;32.3752
110.500005;32.7501
110.550005;33.034
110.600002;33.0042
110.650001;33.054
110.700006;33.2137
110.750001;33.5546
110.800007;33.6885
110.850004;33.91
110.900002;34.0552
110.95;34.4799
111.000001;34.779
111.050001;35.3323
111.100003;35.095
111.150007;35.3543
111.200003;35.5465
111.250003;35.5664
111.300006;35.4991
111.350005;35.7561
111.400005;35.4122
111.450005;35.3877
111.5;35.1046
111.550001;34.8555
111.600002;34.6614
111.650006;34.2302
111.7;33.9759
111.750005;33.746
111.800002;33.4434
111.850005;33.1213
111.900004;32.8632
111.95;32.395
112.000001;32.5715
112.050001;32.5312
112.100001;32.3451
112.150003;32.2601
112.200002;32.2843
112.250001;32.4398
112.300007;32.2889
112.350002;32.5108
112.400004;32.5203
112.450004;32.5468
112.500002;32.535
112.550002;32.7583
112.600007;32.867
112.650001;33.1125
112.700006;33.1538
112.750006;33.1747
112.800006;33.7475
112.850002;33.9129
112.900002;34.1609
112.950004;34.2702
113.000006;34.8134
113.050005;34.9938
113.100005;35.315
113.150001;35.2308
113.2;35.6052
113.250006;35.8455
113.300004;35.7832
113.35;35.6044
113.400003;35.7789
113.450004;35.0127
113.500007;35.2378
113.550003;34.8276
113.600003;34.5849
113.650007;34.334
113.700005;34.0162
113.750003;33.6222
113.800001;33.4734
113.850004;33.2461
113.900004;33.1854
113.950003;32.8959
114.000006;32.5279
114.05;32.4754
114.100004;32.4208
114.150004;32.5249
114.2;32.6911
114.250006;32.4419
114.3;32.5601
114.350005;32.4538
114.400004;32.5323
114.450001;32.4782
114.500007;32.1984
114.550004;32.7017
114.600003;32.8997
114.650002;32.8839
114.7;33.1693
114.750003;33.1813
114.800003;33.3751
114.850006;33.8702
114.900001;33.9699
114.950001;34.3854
115.000003;34.6344
115.050003;35.0468
115.100006;35.0752
115.150001;35.2163
115.200005;35.5254
115.250006;35.5345
115.300004;35.7376
115.35;35.4961
115.400001;35.4824
115.450002;35.4312
115.500006;35.2045
115.550002;35.1358
115.600005;34.9688
115.650001;34.6611
115.700004;34.0178
115.750006;33.6766
115.800006;33.3806
115.850003;33.2446
115.900006;33.1202
115.950006;32.7295
116.000005;32.5037
116.050006;32.6697
116.100007;32.5433
116.150004;32.7307
116.200006;32.7666
116.250001;32.4129
116.3;32.3937
116.350005;32.574
116.400006;32.3589
116.450006;32.4033
116.500001;32.2511
116.55;32.6319
116.600004;32.746
116.650003;32.8197
116.700005;32.7602
116.75;32.9516
116.800007;33.1509
116.850003;33.647
116.900007;33.9912
116.950005;33.92
117.000005;34.4388
117.050005;34.6795
117.100003;35.0459
117.150006;35.2956
117.200001;35.5271
117.250004;35.5449
117.300001;35.9817
117.350003;35.7357
117.4;35.7111
117.450007;35.6534
117.500003;35.0166
117.55;34.6899
117.600003;34.6679
117.650005;34.4597
117.700003;34.0826
117.750007;33.8232
117.800006;33.4968
117.850001;33.365
117.900004;33.3424
117.950005;33.1152
118.000001;32.8553
118.050006;32.3081
118.100003;32.3399
118.150005;32.125
118.200002;32.1477
118.250007;32.1337
118.300002;32.2686
118.350007;32.4325
118.400004;32.4939
118.45;32.4622
118.500001;32.6061
118.550002;32.4271
118.600007;32.5098
118.650007;32.8188
118.700002;33.0004
118.750003;33.294
118.800005;33.6428
118.850001;33.9606
118.9;34.1767
118.950002;34.1529
119;34.3923
119.050006;34.5312
119.100005;34.8474
119.150002;35.1391
119.200005;34.939
119.250006;35.3621
119.3;35.4141
119.350005;35.6786
119.400003;35.4854
119.450007;35.4822
119.500003;35.7266
119.550001;35.3997
119.600003;34.885
119.650001;34.5354
119.700001;34.4123
119.750004;34.1673
119.800004;33.7089
119.850006;32.8312
119.900001;33.0966
119.950007;32.8293
